family,mode,n,actors,seed,status,optimal,greedy,da1,unlearn_in_opt
LOCAL,full,50,3,1,OPTIMAL,13.87,13.87,13.87,0
LOCAL,full,50,3,2,OPTIMAL,11.68,11.68,11.68,0
LOCAL,full,50,3,3,OPTIMAL,11.89,11.89,11.89,0
LOCAL,full,50,3,4,OPTIMAL,15.61,15.61,15.61,0
LOCAL,full,50,3,5,OPTIMAL,9.506764,9.506764,9.506764,1
LOCAL,full,50,3,6,OPTIMAL,7.81,7.81,7.81,0
LOCAL,full,50,3,7,OPTIMAL,12.28,12.28,12.28,0
LOCAL,full,50,3,8,OPTIMAL,8.95,8.95,8.95,0
LOCAL,full,50,3,9,OPTIMAL,19.651639,19.651639,19.651639,0
LOCAL,full,50,3,10,OPTIMAL,11.536431,11.536431,11.536431,0
LOCAL,full,50,5,1,OPTIMAL,13.6,13.6,13.6,0
LOCAL,full,50,5,2,OPTIMAL,15.49476,15.49476,15.49476,0
LOCAL,full,50,5,3,OPTIMAL,9.67,9.67,9.67,0
LOCAL,full,50,5,4,OPTIMAL,25.72,25.72,25.72,0
LOCAL,full,50,5,5,OPTIMAL,13.81,13.81,13.81,0
LOCAL,full,50,5,6,OPTIMAL,11.71,11.71,11.71,0
LOCAL,full,50,5,7,OPTIMAL,13.72,13.72,13.72,0
LOCAL,full,50,5,8,OPTIMAL,14.92,14.92,14.92,0
LOCAL,full,50,5,9,OPTIMAL,25.84,25.84,25.84,0
LOCAL,full,50,5,10,OPTIMAL,12.586431,12.586431,12.586431,0
LOCAL,full,100,3,1,OPTIMAL,13.6,13.6,13.6,0
LOCAL,full,100,3,2,OPTIMAL,8.77,8.77,8.77,0
LOCAL,full,100,3,3,OPTIMAL,10.483921,10.483921,10.483921,0
LOCAL,full,100,3,4,OPTIMAL,12.76,12.76,12.76,0
LOCAL,full,100,3,5,OPTIMAL,22.78,22.78,22.78,0
LOCAL,full,100,3,6,OPTIMAL,12.58,12.58,12.58,0
LOCAL,full,100,3,7,OPTIMAL,14.893416,14.893416,14.893416,0
LOCAL,full,100,3,8,OPTIMAL,12.79,12.79,12.79,0
LOCAL,full,100,3,9,OPTIMAL,8.05,8.05,8.05,0
LOCAL,full,100,3,10,OPTIMAL,6.82,6.82,6.82,0
LOCAL,full,100,5,1,OPTIMAL,17.68,17.68,17.68,0
LOCAL,full,100,5,2,OPTIMAL,12.67,12.67,12.67,0
LOCAL,full,100,5,3,OPTIMAL,9.76,9.76,9.76,0
LOCAL,full,100,5,4,OPTIMAL,10.84,10.84,10.84,0
LOCAL,full,100,5,5,OPTIMAL,7.87,7.87,7.87,0
LOCAL,full,100,5,6,OPTIMAL,24.43,24.43,24.43,0
LOCAL,full,100,5,7,OPTIMAL,10.81,10.81,10.81,0
LOCAL,full,100,5,8,OPTIMAL,3.85,3.85,3.85,0
LOCAL,full,100,5,9,OPTIMAL,17.95,17.95,17.95,0
LOCAL,full,100,5,10,OPTIMAL,18.46,18.46,18.46,0
LOCAL,full,200,3,1,OPTIMAL,9.82,9.82,9.82,0
LOCAL,full,200,3,2,OPTIMAL,14.5,14.5,14.5,0
LOCAL,full,200,3,3,OPTIMAL,12.82,12.82,12.82,0
LOCAL,full,200,3,4,OPTIMAL,28.531136,28.531136,28.531136,0
LOCAL,full,200,3,5,OPTIMAL,9.82,9.82,9.82,0
LOCAL,full,200,3,6,OPTIMAL,21.79,21.79,21.79,0
LOCAL,full,200,3,7,OPTIMAL,25.39,25.39,25.39,0
LOCAL,full,200,3,8,OPTIMAL,19.63,19.63,19.63,0
LOCAL,full,200,3,9,OPTIMAL,2.8,2.8,2.8,0
LOCAL,full,200,3,10,OPTIMAL,10.594757,10.594757,10.594757,0
LOCAL,full,200,5,1,OPTIMAL,19.93,19.93,19.93,0
LOCAL,full,200,5,2,OPTIMAL,11.59,11.59,11.59,0
LOCAL,full,200,5,3,OPTIMAL,9.94,9.94,9.94,0
LOCAL,full,200,5,4,OPTIMAL,16.66,16.66,16.66,0
LOCAL,full,200,5,5,OPTIMAL,13.42,13.42,13.42,0
LOCAL,full,200,5,6,OPTIMAL,18.575572,18.575572,18.575572,0
LOCAL,full,200,5,7,OPTIMAL,8.74,8.74,8.74,0
LOCAL,full,200,5,8,OPTIMAL,24.369071,24.369071,24.369071,0
LOCAL,full,200,5,9,OPTIMAL,5.77,5.77,5.77,0
LOCAL,full,200,5,10,OPTIMAL,19.043247,19.043247,19.043247,0
LOCAL,no_unlearn,50,3,1,OPTIMAL,13.87,13.87,13.87,0
LOCAL,no_unlearn,50,3,2,OPTIMAL,11.68,11.68,11.68,0
LOCAL,no_unlearn,50,3,3,OPTIMAL,11.89,11.89,11.89,0
LOCAL,no_unlearn,50,3,4,OPTIMAL,15.61,15.61,15.61,0
LOCAL,no_unlearn,50,3,5,OPTIMAL,9.64,9.64,9.64,0
LOCAL,no_unlearn,50,3,6,OPTIMAL,7.81,7.81,7.81,0
LOCAL,no_unlearn,50,3,7,OPTIMAL,12.28,12.28,12.28,0
LOCAL,no_unlearn,50,3,8,OPTIMAL,8.95,8.95,8.95,0
LOCAL,no_unlearn,50,3,9,OPTIMAL,19.651639,19.651639,19.651639,0
LOCAL,no_unlearn,50,3,10,OPTIMAL,11.536431,11.536431,11.536431,0
LOCAL,no_unlearn,50,5,1,OPTIMAL,13.6,13.6,13.6,0
LOCAL,no_unlearn,50,5,2,OPTIMAL,15.49476,15.49476,15.49476,0
LOCAL,no_unlearn,50,5,3,OPTIMAL,9.67,9.67,9.67,0
LOCAL,no_unlearn,50,5,4,OPTIMAL,25.72,25.72,25.72,0
LOCAL,no_unlearn,50,5,5,OPTIMAL,13.81,13.81,13.81,0
LOCAL,no_unlearn,50,5,6,OPTIMAL,11.71,11.71,11.71,0
LOCAL,no_unlearn,50,5,7,OPTIMAL,13.72,13.72,13.72,0
LOCAL,no_unlearn,50,5,8,OPTIMAL,14.92,14.92,14.92,0
LOCAL,no_unlearn,50,5,9,OPTIMAL,25.84,25.84,25.84,0
LOCAL,no_unlearn,50,5,10,OPTIMAL,12.586431,12.586431,12.586431,0
LOCAL,no_unlearn,100,3,1,OPTIMAL,13.6,13.6,13.6,0
LOCAL,no_unlearn,100,3,2,OPTIMAL,8.77,8.77,8.77,0
LOCAL,no_unlearn,100,3,3,OPTIMAL,10.483921,10.483921,10.483921,0
LOCAL,no_unlearn,100,3,4,OPTIMAL,12.76,12.76,12.76,0
LOCAL,no_unlearn,100,3,5,OPTIMAL,22.78,22.78,22.78,0
LOCAL,no_unlearn,100,3,6,OPTIMAL,12.58,12.58,12.58,0
LOCAL,no_unlearn,100,3,7,OPTIMAL,14.893416,14.893416,14.893416,0
LOCAL,no_unlearn,100,3,8,OPTIMAL,12.79,12.79,12.79,0
LOCAL,no_unlearn,100,3,9,OPTIMAL,8.05,8.05,8.05,0
LOCAL,no_unlearn,100,3,10,OPTIMAL,6.82,6.82,6.82,0
LOCAL,no_unlearn,100,5,1,OPTIMAL,17.68,17.68,17.68,0
LOCAL,no_unlearn,100,5,2,OPTIMAL,12.67,12.67,12.67,0
LOCAL,no_unlearn,100,5,3,OPTIMAL,9.76,9.76,9.76,0
LOCAL,no_unlearn,100,5,4,OPTIMAL,10.84,10.84,10.84,0
LOCAL,no_unlearn,100,5,5,OPTIMAL,7.87,7.87,7.87,0
LOCAL,no_unlearn,100,5,6,OPTIMAL,24.43,24.43,24.43,0
LOCAL,no_unlearn,100,5,7,OPTIMAL,10.81,10.81,10.81,0
LOCAL,no_unlearn,100,5,8,OPTIMAL,3.85,3.85,3.85,0
LOCAL,no_unlearn,100,5,9,OPTIMAL,17.95,17.95,17.95,0
LOCAL,no_unlearn,100,5,10,OPTIMAL,18.46,18.46,18.46,0
LOCAL,no_unlearn,200,3,1,OPTIMAL,9.82,9.82,9.82,0
LOCAL,no_unlearn,200,3,2,OPTIMAL,14.5,14.5,14.5,0
LOCAL,no_unlearn,200,3,3,OPTIMAL,12.82,12.82,12.82,0
LOCAL,no_unlearn,200,3,4,OPTIMAL,28.531136,28.531136,28.531136,0
LOCAL,no_unlearn,200,3,5,OPTIMAL,9.82,9.82,9.82,0
LOCAL,no_unlearn,200,3,6,OPTIMAL,21.79,21.79,21.79,0
LOCAL,no_unlearn,200,3,7,OPTIMAL,25.39,25.39,25.39,0
LOCAL,no_unlearn,200,3,8,OPTIMAL,19.63,19.63,19.63,0
LOCAL,no_unlearn,200,3,9,OPTIMAL,2.8,2.8,2.8,0
LOCAL,no_unlearn,200,3,10,OPTIMAL,10.594757,10.594757,10.594757,0
LOCAL,no_unlearn,200,5,1,OPTIMAL,19.93,19.93,19.93,0
LOCAL,no_unlearn,200,5,2,OPTIMAL,11.59,11.59,11.59,0
LOCAL,no_unlearn,200,5,3,OPTIMAL,9.94,9.94,9.94,0
LOCAL,no_unlearn,200,5,4,OPTIMAL,16.66,16.66,16.66,0
LOCAL,no_unlearn,200,5,5,OPTIMAL,13.42,13.42,13.42,0
LOCAL,no_unlearn,200,5,6,OPTIMAL,18.575572,18.575572,18.575572,0
LOCAL,no_unlearn,200,5,7,OPTIMAL,8.74,8.74,8.74,0
LOCAL,no_unlearn,200,5,8,OPTIMAL,24.369071,24.369071,24.369071,0
LOCAL,no_unlearn,200,5,9,OPTIMAL,5.77,5.77,5.77,0
LOCAL,no_unlearn,200,5,10,OPTIMAL,19.043247,19.043247,19.043247,0
LOCAL,no_recompute,50,3,1,OPTIMAL,13.87,13.87,13.87,0
LOCAL,no_recompute,50,3,2,OPTIMAL,11.68,11.68,11.68,0
LOCAL,no_recompute,50,3,3,OPTIMAL,11.89,11.89,11.89,0
LOCAL,no_recompute,50,3,4,OPTIMAL,15.61,15.61,15.61,0
LOCAL,no_recompute,50,3,5,OPTIMAL,9.506764,9.506764,9.506764,1
LOCAL,no_recompute,50,3,6,OPTIMAL,7.81,7.81,7.81,0
LOCAL,no_recompute,50,3,7,OPTIMAL,12.28,12.28,12.28,0
LOCAL,no_recompute,50,3,8,OPTIMAL,8.95,8.95,8.95,0
LOCAL,no_recompute,50,3,9,OPTIMAL,19.78,19.78,19.78,0
LOCAL,no_recompute,50,3,10,OPTIMAL,11.86,11.86,11.86,0
LOCAL,no_recompute,50,5,1,OPTIMAL,13.6,13.6,13.6,0
LOCAL,no_recompute,50,5,2,OPTIMAL,15.52,15.52,15.52,0
LOCAL,no_recompute,50,5,3,OPTIMAL,9.67,9.67,9.67,0
LOCAL,no_recompute,50,5,4,OPTIMAL,25.72,25.72,25.72,0
LOCAL,no_recompute,50,5,5,OPTIMAL,13.81,13.81,13.81,0
LOCAL,no_recompute,50,5,6,OPTIMAL,11.71,11.71,11.71,0
LOCAL,no_recompute,50,5,7,OPTIMAL,13.72,13.72,13.72,0
LOCAL,no_recompute,50,5,8,OPTIMAL,14.92,14.92,14.92,0
LOCAL,no_recompute,50,5,9,OPTIMAL,25.84,25.84,25.84,0
LOCAL,no_recompute,50,5,10,OPTIMAL,12.91,12.91,12.91,0
LOCAL,no_recompute,100,3,1,OPTIMAL,13.6,13.6,13.6,0
LOCAL,no_recompute,100,3,2,OPTIMAL,8.77,8.77,8.77,0
LOCAL,no_recompute,100,3,3,OPTIMAL,10.54,10.54,10.54,0
LOCAL,no_recompute,100,3,4,OPTIMAL,12.76,12.76,12.76,0
LOCAL,no_recompute,100,3,5,OPTIMAL,22.78,22.78,22.78,0
LOCAL,no_recompute,100,3,6,OPTIMAL,12.58,12.58,12.58,0
LOCAL,no_recompute,100,3,7,OPTIMAL,14.92,14.92,14.92,0
LOCAL,no_recompute,100,3,8,OPTIMAL,12.79,12.79,12.79,0
LOCAL,no_recompute,100,3,9,OPTIMAL,8.05,8.05,8.05,0
LOCAL,no_recompute,100,3,10,OPTIMAL,6.82,6.82,6.82,0
LOCAL,no_recompute,100,5,1,OPTIMAL,17.68,17.68,17.68,0
LOCAL,no_recompute,100,5,2,OPTIMAL,12.67,12.67,12.67,0
LOCAL,no_recompute,100,5,3,OPTIMAL,9.76,9.76,9.76,0
LOCAL,no_recompute,100,5,4,OPTIMAL,10.84,10.84,10.84,0
LOCAL,no_recompute,100,5,5,OPTIMAL,7.87,7.87,7.87,0
LOCAL,no_recompute,100,5,6,OPTIMAL,24.43,24.43,24.43,0
LOCAL,no_recompute,100,5,7,OPTIMAL,10.81,10.81,10.81,0
LOCAL,no_recompute,100,5,8,OPTIMAL,3.85,3.85,3.85,0
LOCAL,no_recompute,100,5,9,OPTIMAL,17.95,17.95,17.95,0
LOCAL,no_recompute,100,5,10,OPTIMAL,18.46,18.46,18.46,0
LOCAL,no_recompute,200,3,1,OPTIMAL,9.82,9.82,9.82,0
LOCAL,no_recompute,200,3,2,OPTIMAL,14.5,14.5,14.5,0
LOCAL,no_recompute,200,3,3,OPTIMAL,12.82,12.82,12.82,0
LOCAL,no_recompute,200,3,4,OPTIMAL,28.63,28.63,28.63,0
LOCAL,no_recompute,200,3,5,OPTIMAL,9.82,9.82,9.82,0
LOCAL,no_recompute,200,3,6,OPTIMAL,21.79,21.79,21.79,0
LOCAL,no_recompute,200,3,7,OPTIMAL,25.39,25.39,25.39,0
LOCAL,no_recompute,200,3,8,OPTIMAL,19.63,19.63,19.63,0
LOCAL,no_recompute,200,3,9,OPTIMAL,2.8,2.8,2.8,0
LOCAL,no_recompute,200,3,10,OPTIMAL,10.69,10.69,10.69,0
LOCAL,no_recompute,200,5,1,OPTIMAL,19.93,19.93,19.93,0
LOCAL,no_recompute,200,5,2,OPTIMAL,11.59,11.59,11.59,0
LOCAL,no_recompute,200,5,3,OPTIMAL,9.94,9.94,9.94,0
LOCAL,no_recompute,200,5,4,OPTIMAL,16.66,16.66,16.66,0
LOCAL,no_recompute,200,5,5,OPTIMAL,13.42,13.42,13.42,0
LOCAL,no_recompute,200,5,6,OPTIMAL,18.67,18.67,18.67,0
LOCAL,no_recompute,200,5,7,OPTIMAL,8.74,8.74,8.74,0
LOCAL,no_recompute,200,5,8,OPTIMAL,24.46,24.46,24.46,0
LOCAL,no_recompute,200,5,9,OPTIMAL,5.77,5.77,5.77,0
LOCAL,no_recompute,200,5,10,OPTIMAL,19.39,19.39,19.39,0
SHARED,full,50,3,1,OPTIMAL,66.060413,66.060413,66.060413,0
SHARED,full,50,3,2,OPTIMAL,73.215044,73.215044,73.215044,0
SHARED,full,50,3,3,OPTIMAL,61.657715,61.657715,61.657715,1
SHARED,full,50,3,4,OPTIMAL,66.03006,66.03006,66.03006,1
SHARED,full,50,3,5,OPTIMAL,43.811036,43.811036,43.811036,1
SHARED,full,50,3,6,OPTIMAL,60.183049,60.183049,60.183049,0
SHARED,full,50,3,7,OPTIMAL,65.252811,65.252811,65.252811,2
SHARED,full,50,3,8,OPTIMAL,86.611892,86.611892,86.611892,0
SHARED,full,50,3,9,OPTIMAL,74.989631,74.989631,74.989631,0
SHARED,full,50,3,10,OPTIMAL,76.426754,76.426754,76.426754,1
SHARED,full,50,5,1,OPTIMAL,74.585937,74.842706,74.842706,0
SHARED,full,50,5,2,OPTIMAL,69.244663,69.244663,69.244663,0
SHARED,full,50,5,3,OPTIMAL,63.036046,63.036046,63.036046,1
SHARED,full,50,5,4,OPTIMAL,87.351802,87.351802,87.351802,0
SHARED,full,50,5,5,OPTIMAL,64.44403,64.695834,64.695834,1
SHARED,full,50,5,6,OPTIMAL,69.645655,69.645655,69.645655,1
SHARED,full,50,5,7,OPTIMAL,55.080885,55.080885,55.080885,1
SHARED,full,50,5,8,OPTIMAL,55.404017,55.404017,55.404017,0
SHARED,full,50,5,9,OPTIMAL,67.461374,67.461374,67.461374,0
SHARED,full,50,5,10,OPTIMAL,57.732916,57.732916,57.732916,1
SHARED,full,100,3,1,OPTIMAL,88.437955,88.674721,88.437955,1
SHARED,full,100,3,2,OPTIMAL,43.748116,43.748116,43.748116,0
SHARED,full,100,3,3,OPTIMAL,111.307292,111.307292,111.307292,0
SHARED,full,100,3,4,OPTIMAL,114.453561,114.453561,114.453561,0
SHARED,full,100,3,5,OPTIMAL,106.945381,106.945381,106.945381,1
SHARED,full,100,3,6,OPTIMAL,91.003249,91.070074,91.003249,2
SHARED,full,100,3,7,OPTIMAL,57.038089,57.038089,57.038089,1
SHARED,full,100,3,8,OPTIMAL,83.382082,83.382082,83.382082,3
SHARED,full,100,3,9,OPTIMAL,43.84135,44.359128,43.84135,0
SHARED,full,100,3,10,OPTIMAL,91.7838,91.7838,91.7838,2
SHARED,full,100,5,1,OPTIMAL,31.398205,31.398205,31.398205,0
SHARED,full,100,5,2,OPTIMAL,69.281725,69.281725,69.281725,4
SHARED,full,100,5,3,OPTIMAL,115.845552,115.845552,115.845552,0
SHARED,full,100,5,4,OPTIMAL,101.30209,101.30209,101.30209,1
SHARED,full,100,5,5,OPTIMAL,69.391822,69.391822,69.391822,1
SHARED,full,100,5,6,OPTIMAL,71.832953,71.832953,71.832953,0
SHARED,full,100,5,7,OPTIMAL,80.36286,81.214993,80.36286,2
SHARED,full,100,5,8,OPTIMAL,74.174012,74.174012,74.303286,3
SHARED,full,100,5,9,OPTIMAL,19.752692,19.752692,19.752692,3
SHARED,full,100,5,10,OPTIMAL,105.939152,105.939152,105.939152,0
SHARED,full,200,3,1,OPTIMAL,69.097789,69.097789,69.097789,2
SHARED,full,200,3,2,OPTIMAL,123.493546,123.493546,123.493546,1
SHARED,full,200,3,3,OPTIMAL,108.329965,108.329965,108.329965,0
SHARED,full,200,3,4,OPTIMAL,97.132917,98.04883,97.132917,4
SHARED,full,200,3,5,OPTIMAL,116.830997,116.830997,116.830997,3
SHARED,full,200,3,6,OPTIMAL,68.335323,68.991007,68.991007,2
SHARED,full,200,3,7,OPTIMAL,84.789955,84.789955,84.789955,2
SHARED,full,200,3,8,OPTIMAL,124.051337,124.051337,124.051337,0
SHARED,full,200,3,9,OPTIMAL,97.833234,98.524908,97.833234,2
SHARED,full,200,3,10,OPTIMAL,55.637916,55.637916,55.637916,1
SHARED,full,200,5,1,OPTIMAL,75.139765,75.139765,75.423904,0
SHARED,full,200,5,2,OPTIMAL,128.641444,129.031666,128.641444,5
SHARED,full,200,5,3,OPTIMAL,151.159564,151.616861,151.159564,1
SHARED,full,200,5,4,OPTIMAL,56.473673,56.473673,56.473673,3
SHARED,full,200,5,5,OPTIMAL,60.94897,60.94897,60.94897,3
SHARED,full,200,5,6,OPTIMAL,73.042252,73.14271,73.042252,2
SHARED,full,200,5,7,OPTIMAL,53.270749,53.270749,53.270749,1
SHARED,full,200,5,8,OPTIMAL,99.372118,99.372118,99.372118,1
SHARED,full,200,5,9,OPTIMAL,105.796827,105.796827,105.796827,1
SHARED,full,200,5,10,OPTIMAL,161.001159,161.001159,161.001159,2
SHARED,no_unlearn,50,3,1,OPTIMAL,66.060413,66.060413,66.060413,0
SHARED,no_unlearn,50,3,2,OPTIMAL,73.215044,73.215044,73.215044,0
SHARED,no_unlearn,50,3,3,OPTIMAL,62.080487,62.080487,62.080487,0
SHARED,no_unlearn,50,3,4,OPTIMAL,66.199609,66.199609,66.199609,0
SHARED,no_unlearn,50,3,5,OPTIMAL,44.406553,44.406553,44.406553,0
SHARED,no_unlearn,50,3,6,OPTIMAL,60.183049,60.183049,60.183049,0
SHARED,no_unlearn,50,3,7,OPTIMAL,66.021109,66.021109,66.021109,0
SHARED,no_unlearn,50,3,8,OPTIMAL,86.611892,86.611892,86.611892,0
SHARED,no_unlearn,50,3,9,OPTIMAL,74.989631,74.989631,74.989631,0
SHARED,no_unlearn,50,3,10,OPTIMAL,77.296148,77.296148,77.296148,0
SHARED,no_unlearn,50,5,1,OPTIMAL,74.585937,74.842706,74.842706,0
SHARED,no_unlearn,50,5,2,OPTIMAL,69.244663,69.244663,69.244663,0
SHARED,no_unlearn,50,5,3,OPTIMAL,63.055808,63.055808,63.055808,0
SHARED,no_unlearn,50,5,4,OPTIMAL,87.351802,87.351802,87.351802,0
SHARED,no_unlearn,50,5,5,OPTIMAL,64.736823,64.988628,64.988628,0
SHARED,no_unlearn,50,5,6,OPTIMAL,74.63223,74.63223,74.63223,0
SHARED,no_unlearn,50,5,7,OPTIMAL,55.12965,55.12965,55.12965,0
SHARED,no_unlearn,50,5,8,OPTIMAL,55.404017,55.404017,55.404017,0
SHARED,no_unlearn,50,5,9,OPTIMAL,67.461374,67.461374,67.461374,0
SHARED,no_unlearn,50,5,10,OPTIMAL,58.239866,58.239866,58.239866,0
SHARED,no_unlearn,100,3,1,OPTIMAL,88.785236,89.022003,88.785236,0
SHARED,no_unlearn,100,3,2,OPTIMAL,43.748116,43.748116,43.748116,0
SHARED,no_unlearn,100,3,3,OPTIMAL,111.307292,111.307292,111.307292,0
SHARED,no_unlearn,100,3,4,OPTIMAL,114.453561,114.453561,114.453561,0
SHARED,no_unlearn,100,3,5,OPTIMAL,107.320741,107.320741,107.320741,0
SHARED,no_unlearn,100,3,6,OPTIMAL,91.159962,91.159962,91.159962,0
SHARED,no_unlearn,100,3,7,OPTIMAL,57.04969,57.04969,57.04969,0
SHARED,no_unlearn,100,3,8,OPTIMAL,90.083589,90.083589,90.083589,0
SHARED,no_unlearn,100,3,9,OPTIMAL,43.84135,44.359128,43.84135,0
SHARED,no_unlearn,100,3,10,OPTIMAL,93.594261,93.594261,93.594261,0
SHARED,no_unlearn,100,5,1,OPTIMAL,31.398205,31.398205,31.398205,0
SHARED,no_unlearn,100,5,2,OPTIMAL,71.071615,71.071615,71.071615,0
SHARED,no_unlearn,100,5,3,OPTIMAL,115.845552,115.845552,115.845552,0
SHARED,no_unlearn,100,5,4,OPTIMAL,101.586027,101.586027,101.586027,0
SHARED,no_unlearn,100,5,5,OPTIMAL,69.515287,69.515287,69.515287,0
SHARED,no_unlearn,100,5,6,OPTIMAL,71.832953,71.832953,71.832953,0
SHARED,no_unlearn,100,5,7,OPTIMAL,80.665932,81.237011,80.665932,0
SHARED,no_unlearn,100,5,8,OPTIMAL,75.252102,75.252102,75.381376,0
SHARED,no_unlearn,100,5,9,OPTIMAL,23.545102,23.545102,23.545102,0
SHARED,no_unlearn,100,5,10,OPTIMAL,105.939152,105.939152,105.939152,0
SHARED,no_unlearn,200,3,1,OPTIMAL,71.974575,71.974575,71.974575,0
SHARED,no_unlearn,200,3,2,OPTIMAL,123.866403,123.866403,123.866403,0
SHARED,no_unlearn,200,3,3,OPTIMAL,108.329965,108.329965,108.329965,0
SHARED,no_unlearn,200,3,4,OPTIMAL,98.455627,99.37154,98.455627,0
SHARED,no_unlearn,200,3,5,OPTIMAL,118.249285,118.249285,118.249285,0
SHARED,no_unlearn,200,3,6,OPTIMAL,68.624556,69.28024,69.28024,0
SHARED,no_unlearn,200,3,7,OPTIMAL,90.051767,90.051767,90.051767,0
SHARED,no_unlearn,200,3,8,OPTIMAL,124.051337,124.051337,124.051337,0
SHARED,no_unlearn,200,3,9,OPTIMAL,98.770251,98.921308,98.770251,0
SHARED,no_unlearn,200,3,10,OPTIMAL,55.644011,55.644011,55.644011,0
SHARED,no_unlearn,200,5,1,OPTIMAL,75.139765,75.139765,75.423904,0
SHARED,no_unlearn,200,5,2,OPTIMAL,129.180839,129.57106,129.180839,0
SHARED,no_unlearn,200,5,3,OPTIMAL,152.888672,152.888672,153.054824,0
SHARED,no_unlearn,200,5,4,OPTIMAL,58.015833,58.015833,58.015833,0
SHARED,no_unlearn,200,5,5,OPTIMAL,62.077335,62.077335,62.077335,0
SHARED,no_unlearn,200,5,6,OPTIMAL,73.984661,74.085119,73.984661,0
SHARED,no_unlearn,200,5,7,OPTIMAL,53.490664,53.490664,53.490664,0
SHARED,no_unlearn,200,5,8,OPTIMAL,101.677453,101.677453,101.677453,0
SHARED,no_unlearn,200,5,9,OPTIMAL,105.868193,105.868193,105.868193,0
SHARED,no_unlearn,200,5,10,OPTIMAL,162.108142,162.108142,162.108142,0
SHARED,no_recompute,50,3,1,OPTIMAL,67.85,67.85,67.85,0
SHARED,no_recompute,50,3,2,OPTIMAL,76.235,76.235,76.235,0
SHARED,no_recompute,50,3,3,OPTIMAL,66.235551,66.235551,66.235551,1
SHARED,no_recompute,50,3,4,OPTIMAL,67.050572,67.050572,67.050572,1
SHARED,no_recompute,50,3,5,OPTIMAL,55.181852,55.181852,55.181852,1
SHARED,no_recompute,50,3,6,OPTIMAL,66.47,66.47,66.47,0
SHARED,no_recompute,50,3,7,OPTIMAL,67.86485,67.86485,67.86485,2
SHARED,no_recompute,50,3,8,OPTIMAL,90.69,90.69,90.69,0
SHARED,no_recompute,50,3,9,OPTIMAL,85.08,85.08,85.08,0
SHARED,no_recompute,50,3,10,OPTIMAL,79.415,79.415,79.415,0
SHARED,no_recompute,50,5,1,OPTIMAL,77.795,77.795,77.795,0
SHARED,no_recompute,50,5,2,OPTIMAL,75.215,75.215,75.215,0
SHARED,no_recompute,50,5,3,OPTIMAL,64.82559,64.82559,64.82559,1
SHARED,no_recompute,50,5,4,OPTIMAL,88.065,88.065,88.065,0
SHARED,no_recompute,50,5,5,OPTIMAL,66.432207,66.432207,66.432207,1
SHARED,no_recompute,50,5,6,OPTIMAL,73.842858,73.842858,73.842858,1
SHARED,no_recompute,50,5,7,OPTIMAL,58.51,58.51,58.51,0
SHARED,no_recompute,50,5,8,OPTIMAL,69.86,69.86,69.86,0
SHARED,no_recompute,50,5,9,OPTIMAL,79.99,79.99,79.99,0
SHARED,no_recompute,50,5,10,OPTIMAL,65.145,65.145,65.145,0
SHARED,no_recompute,100,3,1,OPTIMAL,97.803784,97.803784,97.803784,1
SHARED,no_recompute,100,3,2,OPTIMAL,45.53,45.53,45.53,0
SHARED,no_recompute,100,3,3,OPTIMAL,124.120313,124.120313,124.120313,1
SHARED,no_recompute,100,3,4,OPTIMAL,124.885,124.885,124.885,0
SHARED,no_recompute,100,3,5,OPTIMAL,121.347305,121.347305,121.347305,2
SHARED,no_recompute,100,3,6,OPTIMAL,99.53108,99.53108,99.53108,3
SHARED,no_recompute,100,3,7,OPTIMAL,62.1184,62.1184,62.1184,1
SHARED,no_recompute,100,3,8,OPTIMAL,90.684495,90.684495,90.684495,4
SHARED,no_recompute,100,3,9,OPTIMAL,54.825,54.825,54.825,0
SHARED,no_recompute,100,3,10,OPTIMAL,105.412354,105.412354,105.412354,1
SHARED,no_recompute,100,5,1,OPTIMAL,41.475,41.475,41.475,0
SHARED,no_recompute,100,5,2,OPTIMAL,115.309033,115.309033,115.309033,1
SHARED,no_recompute,100,5,3,OPTIMAL,119.027555,119.027555,119.027555,1
SHARED,no_recompute,100,5,4,OPTIMAL,103.136064,103.136064,103.136064,1
SHARED,no_recompute,100,5,5,OPTIMAL,82.085,82.085,82.085,0
SHARED,no_recompute,100,5,6,OPTIMAL,84.74,84.74,84.74,0
SHARED,no_recompute,100,5,7,OPTIMAL,92.949584,92.949584,92.949584,2
SHARED,no_recompute,100,5,8,OPTIMAL,100.83854,100.83854,100.83854,3
SHARED,no_recompute,100,5,9,OPTIMAL,21.148504,21.148504,21.148504,2
SHARED,no_recompute,100,5,10,OPTIMAL,114.467017,114.467017,114.467017,3
SHARED,no_recompute,200,3,1,OPTIMAL,86.938136,86.938136,86.938136,1
SHARED,no_recompute,200,3,2,OPTIMAL,136.955328,136.955328,136.955328,1
SHARED,no_recompute,200,3,3,OPTIMAL,121.966783,121.966783,121.966783,1
SHARED,no_recompute,200,3,4,OPTIMAL,127.4997,127.4997,127.4997,4
SHARED,no_recompute,200,3,5,OPTIMAL,155.287289,155.287289,155.287289,2
SHARED,no_recompute,200,3,6,OPTIMAL,81.873547,81.873547,81.873547,2
SHARED,no_recompute,200,3,7,OPTIMAL,92.325498,92.325498,92.325498,2
SHARED,no_recompute,200,3,8,OPTIMAL,129.085292,129.085292,129.085292,1
SHARED,no_recompute,200,3,9,OPTIMAL,118.0586,118.0586,118.0586,1
SHARED,no_recompute,200,3,10,OPTIMAL,65.593797,65.593797,65.593797,2
SHARED,no_recompute,200,5,1,OPTIMAL,82.35,82.35,82.35,0
SHARED,no_recompute,200,5,2,OPTIMAL,151.66513,151.66513,151.66513,2
SHARED,no_recompute,200,5,3,OPTIMAL,180.788044,180.788044,180.788044,2
SHARED,no_recompute,200,5,4,OPTIMAL,85.546728,85.546728,85.546728,2
SHARED,no_recompute,200,5,5,OPTIMAL,79.086244,79.086244,79.086244,2
SHARED,no_recompute,200,5,6,OPTIMAL,83.008436,83.008436,83.008436,3
SHARED,no_recompute,200,5,7,OPTIMAL,73.624905,73.624905,73.624905,1
SHARED,no_recompute,200,5,8,OPTIMAL,111.666772,111.666772,111.666772,2
SHARED,no_recompute,200,5,9,OPTIMAL,132.353997,132.353997,132.353997,2
SHARED,no_recompute,200,5,10,OPTIMAL,179.163607,179.163607,179.163607,1
ADVERSARIAL,full,50,3,1,OPTIMAL,39.174421,123.45,39.174421,1
ADVERSARIAL,full,50,3,2,OPTIMAL,45.315378,116.101694,45.315378,1
ADVERSARIAL,full,50,3,3,OPTIMAL,40.584785,113.062795,40.584785,2
ADVERSARIAL,full,50,3,4,OPTIMAL,33.955227,104.739619,33.955227,2
ADVERSARIAL,full,50,3,5,OPTIMAL,39.193324,95.430867,39.193324,2
ADVERSARIAL,full,50,3,6,OPTIMAL,33.238654,93.982694,33.238654,2
ADVERSARIAL,full,50,3,7,OPTIMAL,29.555852,103.975617,29.555852,1
ADVERSARIAL,full,50,3,8,OPTIMAL,54.585688,109.120852,55.866841,2
ADVERSARIAL,full,50,3,9,OPTIMAL,37.874993,87.902613,44.137072,1
ADVERSARIAL,full,50,3,10,OPTIMAL,50.804653,122.861768,50.804653,1
ADVERSARIAL,full,50,5,1,OPTIMAL,36.284538,110.598979,36.284538,2
ADVERSARIAL,full,50,5,2,OPTIMAL,27.970168,89.890144,27.970168,1
ADVERSARIAL,full,50,5,3,OPTIMAL,44.005963,115.97261,44.005963,3
ADVERSARIAL,full,50,5,4,OPTIMAL,51.148659,112.038171,51.148659,1
ADVERSARIAL,full,50,5,5,OPTIMAL,29.203687,67.592344,29.203687,3
ADVERSARIAL,full,50,5,6,OPTIMAL,28.425424,80.94999,28.425424,1
ADVERSARIAL,full,50,5,7,OPTIMAL,29.520473,78.225682,29.520473,1
ADVERSARIAL,full,50,5,8,OPTIMAL,46.153417,106.020143,46.153417,2
ADVERSARIAL,full,50,5,9,OPTIMAL,38.342567,99.828299,38.342567,1
ADVERSARIAL,full,50,5,10,OPTIMAL,27.720155,81.131916,27.720155,2
ADVERSARIAL,full,100,3,1,OPTIMAL,89.46765,172.031476,90.715267,0
ADVERSARIAL,full,100,3,2,OPTIMAL,78.040413,165.104235,83.104137,2
ADVERSARIAL,full,100,3,3,OPTIMAL,56.489311,96.527619,56.489311,1
ADVERSARIAL,full,100,3,4,OPTIMAL,88.574318,128.232115,88.574318,2
ADVERSARIAL,full,100,3,5,OPTIMAL,72.215178,130.030361,72.215178,1
ADVERSARIAL,full,100,3,6,OPTIMAL,55.519367,142.94587,55.519367,6
ADVERSARIAL,full,100,3,7,OPTIMAL,48.348104,76.729419,48.348104,1
ADVERSARIAL,full,100,3,8,OPTIMAL,70.262498,130.041377,70.262498,5
ADVERSARIAL,full,100,3,9,OPTIMAL,60.702878,92.619718,60.702878,1
ADVERSARIAL,full,100,3,10,OPTIMAL,68.46197,110.430098,68.46197,1
ADVERSARIAL,full,100,5,1,OPTIMAL,54.257197,131.226927,54.257197,2
ADVERSARIAL,full,100,5,2,OPTIMAL,49.221261,118.693282,49.221261,4
ADVERSARIAL,full,100,5,3,OPTIMAL,45.3295,95.569223,45.3295,3
ADVERSARIAL,full,100,5,4,OPTIMAL,45.167982,98.201211,45.167982,1
ADVERSARIAL,full,100,5,5,OPTIMAL,62.373834,100.131304,62.373834,2
ADVERSARIAL,full,100,5,6,OPTIMAL,57.721945,118.127395,58.890223,2
ADVERSARIAL,full,100,5,7,OPTIMAL,63.869629,151.37905,63.869629,2
ADVERSARIAL,full,100,5,8,OPTIMAL,60.626908,123.337144,60.626908,2
ADVERSARIAL,full,100,5,9,OPTIMAL,117.670532,161.999702,117.670532,2
ADVERSARIAL,full,100,5,10,OPTIMAL,83.950198,152.768036,84.390831,6
ADVERSARIAL,full,200,3,1,OPTIMAL,130.523261,199.516898,130.523261,4
ADVERSARIAL,full,200,3,2,OPTIMAL,84.765199,168.023089,84.765199,3
ADVERSARIAL,full,200,3,3,OPTIMAL,84.77789,155.106122,84.77789,3
ADVERSARIAL,full,200,3,4,OPTIMAL,105.599527,150.896414,105.599527,3
ADVERSARIAL,full,200,3,5,OPTIMAL,90.67424,144.359813,90.67424,5
ADVERSARIAL,full,200,3,6,OPTIMAL,92.487352,146.141185,92.487352,2
ADVERSARIAL,full,200,3,7,OPTIMAL,57.302624,91.63393,57.302624,4
ADVERSARIAL,full,200,3,8,OPTIMAL,95.758214,157.706354,95.758214,5
ADVERSARIAL,full,200,3,9,OPTIMAL,98.728221,144.756829,98.728221,5
ADVERSARIAL,full,200,3,10,OPTIMAL,76.092053,127.188165,76.092053,2
ADVERSARIAL,full,200,5,1,OPTIMAL,84.165262,163.93509,84.165262,7
ADVERSARIAL,full,200,5,2,OPTIMAL,77.895081,123.889005,77.895081,6
ADVERSARIAL,full,200,5,3,OPTIMAL,106.456849,171.465445,106.456849,6
ADVERSARIAL,full,200,5,4,OPTIMAL,102.746782,195.664655,102.746782,3
ADVERSARIAL,full,200,5,5,OPTIMAL,69.333249,107.075658,69.333249,4
ADVERSARIAL,full,200,5,6,OPTIMAL,92.689716,138.524606,92.689716,2
ADVERSARIAL,full,200,5,7,OPTIMAL,68.463177,109.758834,69.78891,6
ADVERSARIAL,full,200,5,8,OPTIMAL,109.650186,225.035479,109.650186,7
ADVERSARIAL,full,200,5,9,OPTIMAL,125.858977,198.067304,126.484175,4
ADVERSARIAL,full,200,5,10,OPTIMAL,72.676541,135.599239,72.676541,2
ADVERSARIAL,no_unlearn,50,3,1,OPTIMAL,39.525764,123.45,39.525764,0
ADVERSARIAL,no_unlearn,50,3,2,OPTIMAL,48.663684,119.45,48.663684,0
ADVERSARIAL,no_unlearn,50,3,3,OPTIMAL,43.93771,113.062795,43.93771,0
ADVERSARIAL,no_unlearn,50,3,4,OPTIMAL,38.477237,104.739619,38.477237,0
ADVERSARIAL,no_unlearn,50,3,5,OPTIMAL,39.379535,95.430867,39.379535,0
ADVERSARIAL,no_unlearn,50,3,6,OPTIMAL,42.532164,93.982694,42.532164,0
ADVERSARIAL,no_unlearn,50,3,7,OPTIMAL,29.677812,103.975617,29.677812,0
ADVERSARIAL,no_unlearn,50,3,8,OPTIMAL,54.837657,109.120852,56.118809,0
ADVERSARIAL,no_unlearn,50,3,9,OPTIMAL,38.053895,87.902613,44.315973,0
ADVERSARIAL,no_unlearn,50,3,10,OPTIMAL,50.958614,123.015728,50.958614,0
ADVERSARIAL,no_unlearn,50,5,1,OPTIMAL,38.470431,110.598979,38.470431,0
ADVERSARIAL,no_unlearn,50,5,2,OPTIMAL,28.179726,89.890144,28.179726,0
ADVERSARIAL,no_unlearn,50,5,3,OPTIMAL,53.819588,115.97261,53.819588,0
ADVERSARIAL,no_unlearn,50,5,4,OPTIMAL,51.229064,112.038171,51.229064,0
ADVERSARIAL,no_unlearn,50,5,5,OPTIMAL,29.639515,67.74346,29.639515,0
ADVERSARIAL,no_unlearn,50,5,6,OPTIMAL,36.268055,88.857205,36.268055,0
ADVERSARIAL,no_unlearn,50,5,7,OPTIMAL,29.603362,78.225682,29.603362,0
ADVERSARIAL,no_unlearn,50,5,8,OPTIMAL,48.75169,106.020143,48.75169,0
ADVERSARIAL,no_unlearn,50,5,9,OPTIMAL,38.406728,99.828299,38.406728,0
ADVERSARIAL,no_unlearn,50,5,10,OPTIMAL,28.199742,81.266735,28.199742,0
ADVERSARIAL,no_unlearn,100,3,1,OPTIMAL,89.46765,172.031476,90.715267,0
ADVERSARIAL,no_unlearn,100,3,2,OPTIMAL,81.652458,168.716281,86.716182,0
ADVERSARIAL,no_unlearn,100,3,3,OPTIMAL,56.913743,96.952051,56.913743,0
ADVERSARIAL,no_unlearn,100,3,4,OPTIMAL,89.075361,128.733158,89.075361,0
ADVERSARIAL,no_unlearn,100,3,5,OPTIMAL,72.373387,130.18857,72.373387,0
ADVERSARIAL,no_unlearn,100,3,6,OPTIMAL,62.151029,146.595825,62.151029,0
ADVERSARIAL,no_unlearn,100,3,7,OPTIMAL,48.541128,76.922442,48.541128,0
ADVERSARIAL,no_unlearn,100,3,8,OPTIMAL,70.625163,130.041377,70.625163,0
ADVERSARIAL,no_unlearn,100,3,9,OPTIMAL,60.862072,92.778912,60.862072,0
ADVERSARIAL,no_unlearn,100,3,10,OPTIMAL,68.54728,110.515408,68.54728,0
ADVERSARIAL,no_unlearn,100,5,1,OPTIMAL,60.627889,137.19522,60.627889,0
ADVERSARIAL,no_unlearn,100,5,2,OPTIMAL,55.635448,119.243721,55.635448,0
ADVERSARIAL,no_unlearn,100,5,3,OPTIMAL,45.700332,95.844338,45.700332,0
ADVERSARIAL,no_unlearn,100,5,4,OPTIMAL,45.189673,98.201211,45.189673,0
ADVERSARIAL,no_unlearn,100,5,5,OPTIMAL,62.776609,100.180395,62.776609,0
ADVERSARIAL,no_unlearn,100,5,6,OPTIMAL,61.861884,118.143365,63.030161,0
ADVERSARIAL,no_unlearn,100,5,7,OPTIMAL,64.107224,151.429549,64.107224,0
ADVERSARIAL,no_unlearn,100,5,8,OPTIMAL,63.356995,127.71811,63.356995,0
ADVERSARIAL,no_unlearn,100,5,9,OPTIMAL,118.097247,161.999702,118.097247,0
ADVERSARIAL,no_unlearn,100,5,10,OPTIMAL,85.475475,152.933695,85.916108,0
ADVERSARIAL,no_unlearn,200,3,1,OPTIMAL,131.095859,199.949539,131.095859,0
ADVERSARIAL,no_unlearn,200,3,2,OPTIMAL,85.206264,168.173329,85.206264,0
ADVERSARIAL,no_unlearn,200,3,3,OPTIMAL,85.460819,155.17312,85.460819,0
ADVERSARIAL,no_unlearn,200,3,4,OPTIMAL,106.096461,151.393348,106.096461,0
ADVERSARIAL,no_unlearn,200,3,5,OPTIMAL,96.990169,144.702832,96.990169,0
ADVERSARIAL,no_unlearn,200,3,6,OPTIMAL,98.123134,151.579547,98.123134,0
ADVERSARIAL,no_unlearn,200,3,7,OPTIMAL,58.080658,92.411964,58.080658,0
ADVERSARIAL,no_unlearn,200,3,8,OPTIMAL,96.411656,158.23706,96.411656,0
ADVERSARIAL,no_unlearn,200,3,9,OPTIMAL,106.262025,152.026224,106.262025,0
ADVERSARIAL,no_unlearn,200,3,10,OPTIMAL,76.700949,127.797061,76.700949,0
ADVERSARIAL,no_unlearn,200,5,1,OPTIMAL,105.250002,175.01587,105.250002,0
ADVERSARIAL,no_unlearn,200,5,2,OPTIMAL,78.569782,124.269197,78.569782,0
ADVERSARIAL,no_unlearn,200,5,3,OPTIMAL,110.808685,175.60434,110.808685,0
ADVERSARIAL,no_unlearn,200,5,4,OPTIMAL,103.303291,195.828788,103.303291,0
ADVERSARIAL,no_unlearn,200,5,5,OPTIMAL,71.280992,108.923394,71.280992,0
ADVERSARIAL,no_unlearn,200,5,6,OPTIMAL,92.82777,138.644971,92.82777,0
ADVERSARIAL,no_unlearn,200,5,7,OPTIMAL,69.225289,110.38329,70.413366,0
ADVERSARIAL,no_unlearn,200,5,8,OPTIMAL,119.576855,231.118229,119.576855,0
ADVERSARIAL,no_unlearn,200,5,9,OPTIMAL,126.595502,198.48213,127.2207,0
ADVERSARIAL,no_unlearn,200,5,10,OPTIMAL,72.85237,135.775067,72.85237,0
ADVERSARIAL,no_recompute,50,3,1,OPTIMAL,123.45,123.45,123.45,0
ADVERSARIAL,no_recompute,50,3,2,OPTIMAL,116.101694,116.101694,116.101694,1
ADVERSARIAL,no_recompute,50,3,3,OPTIMAL,116.25,116.25,116.25,0
ADVERSARIAL,no_recompute,50,3,4,OPTIMAL,111.05,111.05,111.05,0
ADVERSARIAL,no_recompute,50,3,5,OPTIMAL,101.25,101.25,101.25,0
ADVERSARIAL,no_recompute,50,3,6,OPTIMAL,110.45,110.45,110.45,0
ADVERSARIAL,no_recompute,50,3,7,OPTIMAL,107.95,107.95,107.95,0
ADVERSARIAL,no_recompute,50,3,8,OPTIMAL,112.55,112.55,112.55,0
ADVERSARIAL,no_recompute,50,3,9,OPTIMAL,100.35,100.35,100.35,0
ADVERSARIAL,no_recompute,50,3,10,OPTIMAL,122.861768,122.861768,122.861768,1
ADVERSARIAL,no_recompute,50,5,1,OPTIMAL,122.25,122.25,122.25,0
ADVERSARIAL,no_recompute,50,5,2,OPTIMAL,93.75,93.75,93.75,0
ADVERSARIAL,no_recompute,50,5,3,OPTIMAL,121.55,121.55,121.55,0
ADVERSARIAL,no_recompute,50,5,4,OPTIMAL,116.200948,116.200948,116.200948,1
ADVERSARIAL,no_recompute,50,5,5,OPTIMAL,82.020796,82.020796,82.020796,1
ADVERSARIAL,no_recompute,50,5,6,OPTIMAL,99.25,99.25,99.25,0
ADVERSARIAL,no_recompute,50,5,7,OPTIMAL,89.95,89.95,89.95,0
ADVERSARIAL,no_recompute,50,5,8,OPTIMAL,114.85,114.85,114.85,0
ADVERSARIAL,no_recompute,50,5,9,OPTIMAL,113.75,113.75,113.75,0
ADVERSARIAL,no_recompute,50,5,10,OPTIMAL,90.45,90.45,90.45,0
ADVERSARIAL,no_recompute,100,3,1,OPTIMAL,191.35,191.35,191.35,0
ADVERSARIAL,no_recompute,100,3,2,OPTIMAL,187.093385,187.093385,187.093385,2
ADVERSARIAL,no_recompute,100,3,3,OPTIMAL,159.95,159.95,159.95,0
ADVERSARIAL,no_recompute,100,3,4,OPTIMAL,148.812042,148.812042,148.812042,2
ADVERSARIAL,no_recompute,100,3,5,OPTIMAL,163.171737,163.171737,163.171737,2
ADVERSARIAL,no_recompute,100,3,6,OPTIMAL,181.407347,181.407347,181.407347,2
ADVERSARIAL,no_recompute,100,3,7,OPTIMAL,115.286312,115.286312,115.286312,1
ADVERSARIAL,no_recompute,100,3,8,OPTIMAL,156.85,156.85,156.85,0
ADVERSARIAL,no_recompute,100,3,9,OPTIMAL,146.45,146.45,146.45,0
ADVERSARIAL,no_recompute,100,3,10,OPTIMAL,161.55,161.55,161.55,0
ADVERSARIAL,no_recompute,100,5,1,OPTIMAL,150.181707,150.181707,150.181707,1
ADVERSARIAL,no_recompute,100,5,2,OPTIMAL,175.397486,175.397486,175.397486,1
ADVERSARIAL,no_recompute,100,5,3,OPTIMAL,134.699689,134.699689,134.699689,2
ADVERSARIAL,no_recompute,100,5,4,OPTIMAL,128.45,128.45,128.45,0
ADVERSARIAL,no_recompute,100,5,5,OPTIMAL,136.285829,136.285829,136.285829,3
ADVERSARIAL,no_recompute,100,5,6,OPTIMAL,193.703929,193.703929,193.703929,1
ADVERSARIAL,no_recompute,100,5,7,OPTIMAL,165.368422,165.368422,165.368422,1
ADVERSARIAL,no_recompute,100,5,8,OPTIMAL,148.66717,148.66717,148.66717,2
ADVERSARIAL,no_recompute,100,5,9,OPTIMAL,203.95,203.95,203.95,0
ADVERSARIAL,no_recompute,100,5,10,OPTIMAL,192.266171,192.266171,192.266171,1
ADVERSARIAL,no_recompute,200,3,1,OPTIMAL,294.927475,294.927475,294.927475,2
ADVERSARIAL,no_recompute,200,3,2,OPTIMAL,246.639687,246.639687,246.639687,2
ADVERSARIAL,no_recompute,200,3,3,OPTIMAL,204.392664,204.392664,204.392664,2
ADVERSARIAL,no_recompute,200,3,4,OPTIMAL,265.886095,265.886095,265.886095,2
ADVERSARIAL,no_recompute,200,3,5,OPTIMAL,222.255606,222.255606,222.255606,5
ADVERSARIAL,no_recompute,200,3,6,OPTIMAL,190.442797,190.442797,190.442797,4
ADVERSARIAL,no_recompute,200,3,7,OPTIMAL,132.659521,132.659521,132.659521,2
ADVERSARIAL,no_recompute,200,3,8,OPTIMAL,243.324847,243.324847,243.324847,4
ADVERSARIAL,no_recompute,200,3,9,OPTIMAL,225.450702,225.450702,225.450702,3
ADVERSARIAL,no_recompute,200,3,10,OPTIMAL,195.622531,195.622531,195.622531,1
ADVERSARIAL,no_recompute,200,5,1,OPTIMAL,224.210506,224.210506,224.210506,4
ADVERSARIAL,no_recompute,200,5,2,OPTIMAL,192.600762,192.600762,192.600762,5
ADVERSARIAL,no_recompute,200,5,3,OPTIMAL,275.174955,275.174955,275.174955,2
ADVERSARIAL,no_recompute,200,5,4,OPTIMAL,279.423583,279.423583,279.423583,1
ADVERSARIAL,no_recompute,200,5,5,OPTIMAL,207.958159,207.958159,207.958159,3
ADVERSARIAL,no_recompute,200,5,6,OPTIMAL,213.246049,213.246049,213.246049,2
ADVERSARIAL,no_recompute,200,5,7,OPTIMAL,187.692526,187.692526,187.692526,6
ADVERSARIAL,no_recompute,200,5,8,OPTIMAL,316.437194,316.437194,316.437194,6
ADVERSARIAL,no_recompute,200,5,9,OPTIMAL,296.704331,296.704331,296.704331,1
ADVERSARIAL,no_recompute,200,5,10,OPTIMAL,206.733949,206.733949,206.733949,2
