seed,n,actors,family,trap_depth,request_size,affected_fraction_target,affected_fraction_actual,affected_size,algorithm,lambda,lookahead_depth,cost,loss,retention,runtime_s,optimal_cost,gap,keep,delete,invalidate,recompute,unlearn
1,1000,5,LOCAL,0,1,0.1,0.1,100,cascade,,,107.2,100,0.0,6.32e-05,,,0,100,0,0,0
1,1000,5,LOCAL,0,1,0.1,0.1,100,greedy,,,95.581883,99,0.010101,0.0005318,,,0,1,98,1,0
1,1000,5,LOCAL,0,1,0.1,0.1,100,downstream_k1,1.0,1,95.581883,99,0.010101,0.0025163,,,0,1,98,1,0
2,1000,5,LOCAL,0,1,0.1,0.1,100,cascade,,,107.65,100,0.0,0.0001004,,,0,100,0,0,0
2,1000,5,LOCAL,0,1,0.1,0.1,100,greedy,,,95.886341,96,0.040404,0.0007109,,,0,1,95,2,2
2,1000,5,LOCAL,0,1,0.1,0.1,100,downstream_k1,1.0,1,95.886341,96,0.040404,0.0024869,,,0,1,95,2,2
3,1000,5,LOCAL,0,1,0.1,0.1,100,cascade,,,108.4,100,0.0,6.16e-05,,,0,100,0,0,0
3,1000,5,LOCAL,0,1,0.1,0.1,100,greedy,,,97.06,100,0.0,0.0004937,,,0,1,99,0,0
3,1000,5,LOCAL,0,1,0.1,0.1,100,downstream_k1,1.0,1,97.06,100,0.0,0.0029606,,,0,1,99,0,0
4,1000,5,LOCAL,0,1,0.1,0.1,100,cascade,,,107.2,100,0.0,6.24e-05,,,0,100,0,0,0
4,1000,5,LOCAL,0,1,0.1,0.1,100,greedy,,,95.560528,97,0.030303,0.0005866,,,0,1,96,3,0
4,1000,5,LOCAL,0,1,0.1,0.1,100,downstream_k1,1.0,1,95.560528,97,0.030303,0.0024404,,,0,1,96,3,0
5,1000,5,LOCAL,0,1,0.1,0.1,100,cascade,,,110.35,100,0.0,0.0002199,,,0,100,0,0,0
5,1000,5,LOCAL,0,1,0.1,0.1,100,greedy,,,98.145374,97,0.030303,0.0008178,,,0,1,96,3,0
5,1000,5,LOCAL,0,1,0.1,0.1,100,downstream_k1,1.0,1,98.145374,97,0.030303,0.0026785,,,0,1,96,3,0
1,1000,5,LOCAL,0,1,0.25,0.25,250,cascade,,,268.75,250,0.0,0.0001285,,,0,250,0,0,0
1,1000,5,LOCAL,0,1,0.25,0.25,250,greedy,,,238.797588,241,0.036145,0.0007582,,,0,1,240,9,0
1,1000,5,LOCAL,0,1,0.25,0.25,250,downstream_k1,1.0,1,238.797588,241,0.036145,0.0071856,,,0,1,240,9,0
2,1000,5,LOCAL,0,1,0.25,0.25,250,cascade,,,270.25,250,0.0,0.0001011,,,0,250,0,0,0
2,1000,5,LOCAL,0,1,0.25,0.25,250,greedy,,,240.419463,241,0.036145,0.0007778,,,0,1,240,7,2
2,1000,5,LOCAL,0,1,0.25,0.25,250,downstream_k1,1.0,1,240.419463,241,0.036145,0.0058469,,,0,1,240,7,2
3,1000,5,LOCAL,0,1,0.25,0.25,250,cascade,,,272.8,250,0.0,0.0001032,,,0,250,0,0,0
3,1000,5,LOCAL,0,1,0.25,0.25,250,greedy,,,242.812848,245,0.02008,0.0008298,,,0,1,244,5,0
3,1000,5,LOCAL,0,1,0.25,0.25,250,downstream_k1,1.0,1,242.500424,240,0.040161,0.0069564,,,0,1,239,10,0
4,1000,5,LOCAL,0,1,0.25,0.25,250,cascade,,,269.05,250,0.0,0.0001919,,,0,250,0,0,0
4,1000,5,LOCAL,0,1,0.25,0.25,250,greedy,,,238.279019,236,0.056225,0.0010768,,,0,1,235,14,0
4,1000,5,LOCAL,0,1,0.25,0.25,250,downstream_k1,1.0,1,237.797012,231,0.076305,0.0059204,,,0,1,230,18,1
5,1000,5,LOCAL,0,1,0.25,0.25,250,cascade,,,273.1,250,0.0,0.0001012,,,0,250,0,0,0
5,1000,5,LOCAL,0,1,0.25,0.25,250,greedy,,,243.203825,245,0.02008,0.0007778,,,0,1,244,5,0
5,1000,5,LOCAL,0,1,0.25,0.25,250,downstream_k1,1.0,1,243.203825,245,0.02008,0.0062465,,,0,1,244,5,0
1,1000,5,LOCAL,0,1,0.5,0.5,500,cascade,,,535.7,500,0.0,0.0001802,,,0,500,0,0,0
1,1000,5,LOCAL,0,1,0.5,0.5,500,greedy,,,476.610541,484,0.032064,0.00124,,,0,1,483,16,0
1,1000,5,LOCAL,0,1,0.5,0.5,500,downstream_k1,1.0,1,476.01442,479,0.042084,0.013233,,,0,1,478,20,1
2,1000,5,LOCAL,0,1,0.5,0.5,500,cascade,,,538.25,500,0.0,0.000157,,,0,500,0,0,0
2,1000,5,LOCAL,0,1,0.5,0.5,500,greedy,,,477.962126,481,0.038076,0.00114,,,0,1,480,16,3
2,1000,5,LOCAL,0,1,0.5,0.5,500,downstream_k1,1.0,1,477.097491,476,0.048096,0.0111864,,,0,1,475,20,4
3,1000,5,LOCAL,0,1,0.5,0.5,500,cascade,,,541.25,500,0.0,0.0001523,,,0,500,0,0,0
3,1000,5,LOCAL,0,1,0.5,0.5,500,greedy,,,482.360261,494,0.012024,0.0011399,,,0,1,493,6,0
3,1000,5,LOCAL,0,1,0.5,0.5,500,downstream_k1,1.0,1,480.99806,484,0.032064,0.0111436,,,0,1,483,16,0
4,1000,5,LOCAL,0,1,0.5,0.5,500,cascade,,,536.3,500,0.0,0.0001546,,,0,500,0,0,0
4,1000,5,LOCAL,0,1,0.5,0.5,500,greedy,,,476.709285,482,0.036072,0.0012181,,,0,1,481,18,0
4,1000,5,LOCAL,0,1,0.5,0.5,500,downstream_k1,1.0,1,476.035875,473,0.054108,0.0111471,,,0,1,472,26,1
5,1000,5,LOCAL,0,1,0.5,0.5,500,cascade,,,540.5,500,0.0,0.0001625,,,0,500,0,0,0
5,1000,5,LOCAL,0,1,0.5,0.5,500,greedy,,,481.747949,492,0.016032,0.0011288,,,0,1,491,8,0
5,1000,5,LOCAL,0,1,0.5,0.5,500,downstream_k1,1.0,1,481.672284,490,0.02004,0.0110614,,,0,1,489,10,0
1,1000,5,SHARED,0,1,0.1,0.1,100,cascade,,,393.5,100,0.0,7.97e-05,,,0,100,0,0,0
1,1000,5,SHARED,0,1,0.1,0.1,100,greedy,,,182.58689,44,0.565657,0.0008205,,,0,1,43,54,2
1,1000,5,SHARED,0,1,0.1,0.1,100,downstream_k1,1.0,1,146.733913,22,0.787879,0.0039179,,,0,1,21,73,5
2,1000,5,SHARED,0,1,0.1,0.1,100,cascade,,,400.7,100,0.0,0.0001316,,,0,100,0,0,0
2,1000,5,SHARED,0,1,0.1,0.1,100,greedy,,,260.519141,74,0.262626,0.0007223,,,0,1,73,25,1
2,1000,5,SHARED,0,1,0.1,0.1,100,downstream_k1,1.0,1,252.932629,67,0.333333,0.0032335,,,0,1,66,32,1
3,1000,5,SHARED,0,1,0.1,0.1,100,cascade,,,392.7,100,0.0,7.31e-05,,,0,100,0,0,0
3,1000,5,SHARED,0,1,0.1,0.1,100,greedy,,,244.289289,64,0.363636,0.0007465,,,0,1,63,33,3
3,1000,5,SHARED,0,1,0.1,0.1,100,downstream_k1,1.0,1,228.223764,56,0.444444,0.0032953,,,0,1,55,41,3
4,1000,5,SHARED,0,1,0.1,0.1,100,cascade,,,378.6,100,0.0,7.56e-05,,,0,100,0,0,0
4,1000,5,SHARED,0,1,0.1,0.1,100,greedy,,,229.556911,54,0.464646,0.0007358,,,0,1,53,42,4
4,1000,5,SHARED,0,1,0.1,0.1,100,downstream_k1,1.0,1,198.687161,37,0.636364,0.0056263,,,0,1,36,57,6
5,1000,5,SHARED,0,1,0.1,0.1,100,cascade,,,388.5,100,0.0,7.42e-05,,,0,100,0,0,0
5,1000,5,SHARED,0,1,0.1,0.1,100,greedy,,,216.888197,58,0.424242,0.0007184,,,0,1,57,40,2
5,1000,5,SHARED,0,1,0.1,0.1,100,downstream_k1,1.0,1,204.011973,52,0.484848,0.003537,,,0,1,51,45,3
1,1000,5,SHARED,0,1,0.25,0.25,250,cascade,,,949.4,250,0.0,0.0001167,,,0,250,0,0,0
1,1000,5,SHARED,0,1,0.25,0.25,250,greedy,,,441.243911,104,0.586345,0.0009875,,,0,1,103,140,6
1,1000,5,SHARED,0,1,0.25,0.25,250,downstream_k1,1.0,1,404.409557,78,0.690763,0.0086099,,,0,1,77,163,9
2,1000,5,SHARED,0,1,0.25,0.25,250,cascade,,,982.5,250,0.0,0.0001487,,,0,250,0,0,0
2,1000,5,SHARED,0,1,0.25,0.25,250,greedy,,,504.817148,121,0.518072,0.0009851,,,0,1,120,120,9
2,1000,5,SHARED,0,1,0.25,0.25,250,downstream_k1,1.0,1,492.309939,112,0.554217,0.0079594,,,0,1,111,129,9
3,1000,5,SHARED,0,1,0.25,0.25,250,cascade,,,996.0,250,0.0,0.0001877,,,0,250,0,0,0
3,1000,5,SHARED,0,1,0.25,0.25,250,greedy,,,550.338644,134,0.465863,0.0011527,,,0,1,133,105,11
3,1000,5,SHARED,0,1,0.25,0.25,250,downstream_k1,1.0,1,534.273119,126,0.497992,0.007812,,,0,1,125,113,11
4,1000,5,SHARED,0,1,0.25,0.25,250,cascade,,,984.8,250,0.0,0.0001072,,,0,250,0,0,0
4,1000,5,SHARED,0,1,0.25,0.25,250,greedy,,,523.763175,117,0.534137,0.0009442,,,0,1,116,123,10
4,1000,5,SHARED,0,1,0.25,0.25,250,downstream_k1,1.0,1,469.319043,88,0.650602,0.0079679,,,0,1,87,150,12
5,1000,5,SHARED,0,1,0.25,0.25,250,cascade,,,936.6,250,0.0,0.0001085,,,0,250,0,0,0
5,1000,5,SHARED,0,1,0.25,0.25,250,greedy,,,465.884218,109,0.566265,0.0009469,,,0,1,108,122,19
5,1000,5,SHARED,0,1,0.25,0.25,250,downstream_k1,1.0,1,443.891725,93,0.630522,0.0180442,,,0,1,92,137,20
1,1000,5,SHARED,0,1,0.5,0.5,500,cascade,,,1649.1,500,0.0,0.000182,,,0,500,0,0,0
1,1000,5,SHARED,0,1,0.5,0.5,500,greedy,,,913.339399,296,0.408818,0.0015055,,,0,1,295,193,11
1,1000,5,SHARED,0,1,0.5,0.5,500,downstream_k1,1.0,1,847.190117,237,0.527054,0.0205488,,,0,1,236,246,17
2,1000,5,SHARED,0,1,0.5,0.5,500,cascade,,,1630.6,500,0.0,0.000181,,,0,500,0,0,0
2,1000,5,SHARED,0,1,0.5,0.5,500,greedy,,,958.51436,313,0.374749,0.0014039,,,0,1,312,171,16
2,1000,5,SHARED,0,1,0.5,0.5,500,downstream_k1,1.0,1,940.621159,292,0.416834,0.0189796,,,0,1,291,189,19
3,1000,5,SHARED,0,1,0.5,0.5,500,cascade,,,1692.7,500,0.0,0.0001787,,,0,500,0,0,0
3,1000,5,SHARED,0,1,0.5,0.5,500,greedy,,,1043.107959,321,0.358717,0.0015077,,,0,1,320,159,20
3,1000,5,SHARED,0,1,0.5,0.5,500,downstream_k1,1.0,1,1018.54046,306,0.388778,0.0191308,,,0,1,305,174,20
4,1000,5,SHARED,0,1,0.5,0.5,500,cascade,,,1633.3,500,0.0,0.0001935,,,0,500,0,0,0
4,1000,5,SHARED,0,1,0.5,0.5,500,greedy,,,1001.652137,318,0.364729,0.0013936,,,0,1,317,163,19
4,1000,5,SHARED,0,1,0.5,0.5,500,downstream_k1,1.0,1,924.086466,265,0.470942,0.0185068,,,0,1,264,212,23
5,1000,5,SHARED,0,1,0.5,0.5,500,cascade,,,1641.3,500,0.0,0.0001787,,,0,500,0,0,0
5,1000,5,SHARED,0,1,0.5,0.5,500,greedy,,,937.356868,287,0.426854,0.001548,,,0,1,286,186,27
5,1000,5,SHARED,0,1,0.5,0.5,500,downstream_k1,1.0,1,908.380167,267,0.466934,0.0193302,,,0,1,266,205,28
1,1000,5,ADVERSARIAL,1,1,0.1,0.1,100,cascade,,,493.05,100,0.0,9.51e-05,,,0,100,0,0,0
1,1000,5,ADVERSARIAL,1,1,0.1,0.1,100,greedy,,,125.704581,36,0.646465,0.0015331,,,0,1,35,61,3
1,1000,5,ADVERSARIAL,1,1,0.1,0.1,100,downstream_k1,1.0,1,98.848655,25,0.757576,0.0042649,,,0,1,24,71,4
2,1000,5,ADVERSARIAL,1,1,0.1,0.1,100,cascade,,,531.5,100,0.0,7.14e-05,,,0,100,0,0,0
2,1000,5,ADVERSARIAL,1,1,0.1,0.1,100,greedy,,,243.907491,55,0.454545,0.0007158,,,0,1,54,42,3
2,1000,5,ADVERSARIAL,1,1,0.1,0.1,100,downstream_k1,1.0,1,219.996683,46,0.545455,0.0034926,,,0,1,45,51,3
3,1000,5,ADVERSARIAL,1,1,0.1,0.1,100,cascade,,,523.2,100,0.0,6.02e-05,,,0,100,0,0,0
3,1000,5,ADVERSARIAL,1,1,0.1,0.1,100,greedy,,,178.001462,40,0.606061,0.0006862,,,0,1,39,52,8
3,1000,5,ADVERSARIAL,1,1,0.1,0.1,100,downstream_k1,1.0,1,163.509042,32,0.686869,0.0031791,,,0,1,31,60,8
4,1000,5,ADVERSARIAL,1,1,0.1,0.1,100,cascade,,,505.6,100,0.0,5.96e-05,,,0,100,0,0,0
4,1000,5,ADVERSARIAL,1,1,0.1,0.1,100,greedy,,,232.766585,51,0.494949,0.000629,,,0,1,50,47,2
4,1000,5,ADVERSARIAL,1,1,0.1,0.1,100,downstream_k1,1.0,1,167.70622,30,0.707071,0.0031478,,,0,1,29,65,5
5,1000,5,ADVERSARIAL,1,1,0.1,0.1,100,cascade,,,502.25,100,0.0,0.0001094,,,0,100,0,0,0
5,1000,5,ADVERSARIAL,1,1,0.1,0.1,100,greedy,,,205.925436,48,0.525253,0.0006243,,,0,1,47,51,1
5,1000,5,ADVERSARIAL,1,1,0.1,0.1,100,downstream_k1,1.0,1,167.763403,38,0.626263,0.0031699,,,0,1,37,59,3
1,1000,5,ADVERSARIAL,1,1,0.25,0.25,250,cascade,,,1263.05,250,0.0,9.44e-05,,,0,250,0,0,0
1,1000,5,ADVERSARIAL,1,1,0.25,0.25,250,greedy,,,347.385296,88,0.650602,0.0008237,,,0,1,87,151,11
1,1000,5,ADVERSARIAL,1,1,0.25,0.25,250,downstream_k1,1.0,1,259.992485,49,0.807229,0.0079759,,,0,1,48,186,15
2,1000,5,ADVERSARIAL,1,1,0.25,0.25,250,cascade,,,1313.05,250,0.0,9.53e-05,,,0,250,0,0,0
2,1000,5,ADVERSARIAL,1,1,0.25,0.25,250,greedy,,,466.498294,99,0.606426,0.0008066,,,0,1,98,138,13
2,1000,5,ADVERSARIAL,1,1,0.25,0.25,250,downstream_k1,1.0,1,363.121705,66,0.738956,0.0074451,,,0,1,65,169,15
3,1000,5,ADVERSARIAL,1,1,0.25,0.25,250,cascade,,,1351.4,250,0.0,9.48e-05,,,0,250,0,0,0
3,1000,5,ADVERSARIAL,1,1,0.25,0.25,250,greedy,,,411.470521,83,0.670683,0.0008372,,,0,1,82,151,16
3,1000,5,ADVERSARIAL,1,1,0.25,0.25,250,downstream_k1,1.0,1,344.402627,52,0.795181,0.0075883,,,0,1,51,181,17
4,1000,5,ADVERSARIAL,1,1,0.25,0.25,250,cascade,,,1318.05,250,0.0,9.16e-05,,,0,250,0,0,0
4,1000,5,ADVERSARIAL,1,1,0.25,0.25,250,greedy,,,463.419561,98,0.610442,0.0008249,,,0,1,97,143,9
4,1000,5,ADVERSARIAL,1,1,0.25,0.25,250,downstream_k1,1.0,1,363.790815,59,0.767068,0.0074069,,,0,1,58,179,12
5,1000,5,ADVERSARIAL,1,1,0.25,0.25,250,cascade,,,1272.45,250,0.0,9.39e-05,,,0,250,0,0,0
5,1000,5,ADVERSARIAL,1,1,0.25,0.25,250,greedy,,,439.415887,97,0.614458,0.0008507,,,0,1,96,139,14
5,1000,5,ADVERSARIAL,1,1,0.25,0.25,250,downstream_k1,1.0,1,281.902768,48,0.811245,0.007697,,,0,1,47,182,20
1,1000,5,ADVERSARIAL,1,1,0.5,0.5,500,cascade,,,2256.3,500,0.0,0.0002034,,,0,500,0,0,0
1,1000,5,ADVERSARIAL,1,1,0.5,0.5,500,greedy,,,761.078407,220,0.561122,0.0013994,,,0,1,219,255,25
1,1000,5,ADVERSARIAL,1,1,0.5,0.5,500,downstream_k1,1.0,1,519.768812,119,0.763527,0.0199344,,,0,1,118,344,37
2,1000,5,ADVERSARIAL,1,1,0.5,0.5,500,cascade,,,2265.15,500,0.0,0.0001516,,,0,500,0,0,0
2,1000,5,ADVERSARIAL,1,1,0.5,0.5,500,greedy,,,969.883816,256,0.488978,0.0012727,,,0,1,255,221,23
2,1000,5,ADVERSARIAL,1,1,0.5,0.5,500,downstream_k1,1.0,1,793.271546,192,0.617234,0.0178271,,,0,1,191,278,30
3,1000,5,ADVERSARIAL,1,1,0.5,0.5,500,cascade,,,2365.85,500,0.0,0.0001502,,,0,500,0,0,0
3,1000,5,ADVERSARIAL,1,1,0.5,0.5,500,greedy,,,870.921709,216,0.569138,0.0012319,,,0,1,215,262,22
3,1000,5,ADVERSARIAL,1,1,0.5,0.5,500,downstream_k1,1.0,1,665.092837,124,0.753507,0.0187593,,,0,1,123,347,29
4,1000,5,ADVERSARIAL,1,1,0.5,0.5,500,cascade,,,2262.75,500,0.0,0.0001523,,,0,500,0,0,0
4,1000,5,ADVERSARIAL,1,1,0.5,0.5,500,greedy,,,920.533605,246,0.509018,0.0012694,,,0,1,245,240,14
4,1000,5,ADVERSARIAL,1,1,0.5,0.5,500,downstream_k1,1.0,1,712.434496,160,0.681363,0.0176903,,,0,1,159,321,19
5,1000,5,ADVERSARIAL,1,1,0.5,0.5,500,cascade,,,2247.4,500,0.0,0.0001541,,,0,500,0,0,0
5,1000,5,ADVERSARIAL,1,1,0.5,0.5,500,greedy,,,874.368419,235,0.531062,0.0012872,,,0,1,234,237,28
5,1000,5,ADVERSARIAL,1,1,0.5,0.5,500,downstream_k1,1.0,1,552.64051,128,0.745491,0.0198588,,,0,1,127,334,38
1,5000,5,LOCAL,0,1,0.1,0.1,500,cascade,,,539.0,500,0.0,0.0002795,,,0,500,0,0,0
1,5000,5,LOCAL,0,1,0.1,0.1,500,greedy,,,479.441034,488,0.024048,0.0031165,,,0,1,487,12,0
1,5000,5,LOCAL,0,1,0.1,0.1,500,downstream_k1,1.0,1,478.470785,481,0.038076,0.0311241,,,0,1,480,17,2
2,5000,5,LOCAL,0,1,0.1,0.1,500,cascade,,,547.1,500,0.0,0.0002887,,,0,500,0,0,0
2,5000,5,LOCAL,0,1,0.1,0.1,500,greedy,,,485.547651,482,0.036072,0.0026479,,,0,1,481,17,1
2,5000,5,LOCAL,0,1,0.1,0.1,500,downstream_k1,1.0,1,485.072842,477,0.046092,0.0332824,,,0,1,476,22,1
3,5000,5,LOCAL,0,1,0.1,0.1,500,cascade,,,544.7,500,0.0,0.0002943,,,0,500,0,0,0
3,5000,5,LOCAL,0,1,0.1,0.1,500,greedy,,,485.05453,493,0.014028,0.0027765,,,0,1,492,6,1
3,5000,5,LOCAL,0,1,0.1,0.1,500,downstream_k1,1.0,1,485.011997,491,0.018036,0.0321329,,,0,1,490,8,1
4,5000,5,LOCAL,0,1,0.1,0.1,500,cascade,,,545.75,500,0.0,0.0007458,,,0,500,0,0,0
4,5000,5,LOCAL,0,1,0.1,0.1,500,greedy,,,483.541197,484,0.032064,0.0075455,,,0,1,483,13,3
4,5000,5,LOCAL,0,1,0.1,0.1,500,downstream_k1,1.0,1,483.541197,484,0.032064,0.0958953,,,0,1,483,13,3
5,5000,5,LOCAL,0,1,0.1,0.1,500,cascade,,,543.8,500,0.0,0.0012576,,,0,500,0,0,0
5,5000,5,LOCAL,0,1,0.1,0.1,500,greedy,,,484.730062,495,0.01002,0.0116553,,,0,1,494,5,0
5,5000,5,LOCAL,0,1,0.1,0.1,500,downstream_k1,1.0,1,484.014411,487,0.026052,0.1064021,,,0,1,486,12,1
1,5000,5,LOCAL,0,1,0.25,0.25,1250,cascade,,,1356.35,1250,0.0,0.0016082,,,0,1250,0,0,0
1,5000,5,LOCAL,0,1,0.25,0.25,1250,greedy,,,1203.554923,1205,0.036029,0.0162879,,,0,1,1204,43,2
1,5000,5,LOCAL,0,1,0.25,0.25,1250,downstream_k1,1.0,1,1202.107411,1195,0.044035,0.2687347,,,0,1,1194,51,4
2,5000,5,LOCAL,0,1,0.25,0.25,1250,cascade,,,1364.45,1250,0.0,0.0015779,,,0,1250,0,0,0
2,5000,5,LOCAL,0,1,0.25,0.25,1250,greedy,,,1209.442072,1204,0.036829,0.0146908,,,0,1,1203,43,3
2,5000,5,LOCAL,0,1,0.25,0.25,1250,downstream_k1,1.0,1,1207.945366,1186,0.051241,0.2787209,,,0,1,1185,60,4
3,5000,5,LOCAL,0,1,0.25,0.25,1250,cascade,,,1358.0,1250,0.0,0.0019613,,,0,1250,0,0,0
3,5000,5,LOCAL,0,1,0.25,0.25,1250,greedy,,,1206.035351,1216,0.027222,0.0125595,,,0,1,1215,33,1
3,5000,5,LOCAL,0,1,0.25,0.25,1250,downstream_k1,1.0,1,1204.805546,1196,0.043235,0.2598305,,,0,1,1195,51,3
4,5000,5,LOCAL,0,1,0.25,0.25,1250,cascade,,,1367.75,1250,0.0,0.0013235,,,0,1250,0,0,0
4,5000,5,LOCAL,0,1,0.25,0.25,1250,greedy,,,1212.310491,1211,0.031225,0.0096298,,,0,1,1210,34,5
4,5000,5,LOCAL,0,1,0.25,0.25,1250,downstream_k1,1.0,1,1211.768922,1207,0.034428,0.2274043,,,0,1,1206,38,5
5,5000,5,LOCAL,0,1,0.25,0.25,1250,cascade,,,1367.3,1250,0.0,0.0013609,,,0,1250,0,0,0
5,5000,5,LOCAL,0,1,0.25,0.25,1250,greedy,,,1215.2114,1214,0.028823,0.0111933,,,0,1,1213,35,1
5,5000,5,LOCAL,0,1,0.25,0.25,1250,downstream_k1,1.0,1,1213.954792,1198,0.041633,0.2116207,,,0,1,1197,50,2
1,5000,5,LOCAL,0,1,0.5,0.5,2500,cascade,,,2687.2,2500,0.0,0.0020839,,,0,2500,0,0,0
1,5000,5,LOCAL,0,1,0.5,0.5,2500,greedy,,,2391.057814,2439,0.02441,0.015276,,,0,1,2438,58,3
1,5000,5,LOCAL,0,1,0.5,0.5,2500,downstream_k1,1.0,1,2388.436895,2419,0.032413,0.3915796,,,0,1,2418,76,5
2,5000,5,LOCAL,0,1,0.5,0.5,2500,cascade,,,2698.75,2500,0.0,0.0022253,,,0,2500,0,0,0
2,5000,5,LOCAL,0,1,0.5,0.5,2500,greedy,,,2398.660593,2433,0.026811,0.0156012,,,0,1,2432,62,5
2,5000,5,LOCAL,0,1,0.5,0.5,2500,downstream_k1,1.0,1,2397.010396,2413,0.034814,0.4980072,,,0,1,2412,81,6
3,5000,5,LOCAL,0,1,0.5,0.5,2500,cascade,,,2682.25,2500,0.0,0.0023631,,,0,2500,0,0,0
3,5000,5,LOCAL,0,1,0.5,0.5,2500,greedy,,,2386.61229,2438,0.02481,0.0192812,,,0,1,2437,59,3
3,5000,5,LOCAL,0,1,0.5,0.5,2500,downstream_k1,1.0,1,2385.051658,2407,0.037215,0.4331987,,,0,1,2406,85,8
4,5000,5,LOCAL,0,1,0.5,0.5,2500,cascade,,,2696.05,2500,0.0,0.0008973,,,0,2500,0,0,0
4,5000,5,LOCAL,0,1,0.5,0.5,2500,greedy,,,2395.718603,2428,0.028812,0.0059526,,,0,1,2427,62,10
4,5000,5,LOCAL,0,1,0.5,0.5,2500,downstream_k1,1.0,1,2394.450977,2412,0.035214,0.1509675,,,0,1,2411,77,11
5,5000,5,LOCAL,0,1,0.5,0.5,2500,cascade,,,2697.55,2500,0.0,0.0007969,,,0,2500,0,0,0
5,5000,5,LOCAL,0,1,0.5,0.5,2500,greedy,,,2400.12882,2438,0.02481,0.0083086,,,0,1,2437,59,3
5,5000,5,LOCAL,0,1,0.5,0.5,2500,downstream_k1,1.0,1,2398.045499,2412,0.035214,0.1740212,,,0,1,2411,83,5
1,5000,5,SHARED,0,1,0.1,0.1,500,cascade,,,1988.5,500,0.0,0.001293,,,0,500,0,0,0
1,5000,5,SHARED,0,1,0.1,0.1,500,greedy,,,1084.44609,258,0.48497,0.0135565,,,0,1,257,215,27
1,5000,5,SHARED,0,1,0.1,0.1,500,downstream_k1,1.0,1,963.566535,191,0.619238,0.1481218,,,0,1,190,275,34
2,5000,5,SHARED,0,1,0.1,0.1,500,cascade,,,1989.2,500,0.0,0.0010345,,,0,500,0,0,0
2,5000,5,SHARED,0,1,0.1,0.1,500,greedy,,,1093.093112,269,0.462926,0.0153693,,,0,1,268,205,26
2,5000,5,SHARED,0,1,0.1,0.1,500,downstream_k1,1.0,1,1057.372775,243,0.51503,0.1379353,,,0,1,242,229,28
3,5000,5,SHARED,0,1,0.1,0.1,500,cascade,,,1997.0,500,0.0,0.000985,,,0,500,0,0,0
3,5000,5,SHARED,0,1,0.1,0.1,500,greedy,,,1020.109726,235,0.531062,0.0135226,,,0,1,234,231,34
3,5000,5,SHARED,0,1,0.1,0.1,500,downstream_k1,1.0,1,951.486687,200,0.601202,0.1337562,,,0,1,199,261,39
4,5000,5,SHARED,0,1,0.1,0.1,500,cascade,,,1967.5,500,0.0,0.0010156,,,0,500,0,0,0
4,5000,5,SHARED,0,1,0.1,0.1,500,greedy,,,1103.122382,273,0.45491,0.0122141,,,0,1,272,211,16
4,5000,5,SHARED,0,1,0.1,0.1,500,downstream_k1,1.0,1,1073.075835,250,0.501002,0.1389277,,,0,1,249,232,18
5,5000,5,SHARED,0,1,0.1,0.1,500,cascade,,,1935.6,500,0.0,0.0010996,,,0,500,0,0,0
5,5000,5,SHARED,0,1,0.1,0.1,500,greedy,,,982.464613,240,0.521042,0.0114337,,,0,1,239,238,22
5,5000,5,SHARED,0,1,0.1,0.1,500,downstream_k1,1.0,1,919.96588,205,0.591182,0.1546051,,,0,1,204,270,25
1,5000,5,SHARED,0,1,0.25,0.25,1250,cascade,,,4919.4,1250,0.0,0.0017228,,,0,1250,0,0,0
1,5000,5,SHARED,0,1,0.25,0.25,1250,greedy,,,2544.254645,605,0.516413,0.0196861,,,0,1,604,576,69
1,5000,5,SHARED,0,1,0.25,0.25,1250,downstream_k1,1.0,1,2368.004003,496,0.603683,0.3312477,,,0,1,495,673,81
2,5000,5,SHARED,0,1,0.25,0.25,1250,cascade,,,4869.3,1250,0.0,0.0013746,,,0,1250,0,0,0
2,5000,5,SHARED,0,1,0.25,0.25,1250,greedy,,,2488.650064,608,0.514011,0.0168804,,,0,1,607,577,65
2,5000,5,SHARED,0,1,0.25,0.25,1250,downstream_k1,1.0,1,2342.461395,527,0.578863,0.3387628,,,0,1,526,652,71
3,5000,5,SHARED,0,1,0.25,0.25,1250,cascade,,,4942.0,1250,0.0,0.0015874,,,0,1250,0,0,0
3,5000,5,SHARED,0,1,0.25,0.25,1250,greedy,,,2475.025859,557,0.554844,0.0157228,,,0,1,556,618,75
3,5000,5,SHARED,0,1,0.25,0.25,1250,downstream_k1,1.0,1,2322.137622,472,0.622898,0.3501298,,,0,1,471,695,83
4,5000,5,SHARED,0,1,0.25,0.25,1250,cascade,,,4853.1,1250,0.0,0.0015509,,,0,1250,0,0,0
4,5000,5,SHARED,0,1,0.25,0.25,1250,greedy,,,2452.544812,582,0.534828,0.0151616,,,0,1,581,611,57
4,5000,5,SHARED,0,1,0.25,0.25,1250,downstream_k1,1.0,1,2340.628985,508,0.594075,0.3243365,,,0,1,507,679,63
5,5000,5,SHARED,0,1,0.25,0.25,1250,cascade,,,4917.0,1250,0.0,0.0016351,,,0,1250,0,0,0
5,5000,5,SHARED,0,1,0.25,0.25,1250,greedy,,,2381.270739,561,0.551641,0.0196473,,,0,1,560,623,66
5,5000,5,SHARED,0,1,0.25,0.25,1250,downstream_k1,1.0,1,2207.886015,459,0.633307,0.3458376,,,0,1,458,713,78
1,5000,5,SHARED,0,1,0.5,0.5,2500,cascade,,,8297.8,2500,0.0,0.0033986,,,0,2500,0,0,0
1,5000,5,SHARED,0,1,0.5,0.5,2500,greedy,,,4917.805295,1569,0.372549,0.0316619,,,0,1,1568,834,97
1,5000,5,SHARED,0,1,0.5,0.5,2500,downstream_k1,1.0,1,4681.305991,1390,0.444178,0.7073099,,,0,1,1389,986,124
2,5000,5,SHARED,0,1,0.5,0.5,2500,cascade,,,8305.2,2500,0.0,0.0019579,,,0,2500,0,0,0
2,5000,5,SHARED,0,1,0.5,0.5,2500,greedy,,,4757.182709,1476,0.409764,0.0162491,,,0,1,1475,917,107
2,5000,5,SHARED,0,1,0.5,0.5,2500,downstream_k1,1.0,1,4537.963873,1330,0.468187,0.8057708,,,0,1,1329,1052,118
3,5000,5,SHARED,0,1,0.5,0.5,2500,cascade,,,8323.9,2500,0.0,0.00286,,,0,2500,0,0,0
3,5000,5,SHARED,0,1,0.5,0.5,2500,greedy,,,4860.545586,1527,0.389356,0.0236681,,,0,1,1526,879,94
3,5000,5,SHARED,0,1,0.5,0.5,2500,downstream_k1,1.0,1,4603.26854,1351,0.459784,0.7310425,,,0,1,1350,1035,114
4,5000,5,SHARED,0,1,0.5,0.5,2500,cascade,,,8157.5,2500,0.0,0.0028119,,,0,2500,0,0,0
4,5000,5,SHARED,0,1,0.5,0.5,2500,greedy,,,4783.976193,1544,0.382553,0.0231512,,,0,1,1543,875,81
4,5000,5,SHARED,0,1,0.5,0.5,2500,downstream_k1,1.0,1,4582.645689,1388,0.444978,0.79279,,,0,1,1387,1021,91
5,5000,5,SHARED,0,1,0.5,0.5,2500,cascade,,,8247.8,2500,0.0,0.0014853,,,0,2500,0,0,0
5,5000,5,SHARED,0,1,0.5,0.5,2500,greedy,,,4647.74608,1485,0.406162,0.029007,,,0,1,1484,914,101
5,5000,5,SHARED,0,1,0.5,0.5,2500,downstream_k1,1.0,1,4351.860474,1260,0.496198,0.8053187,,,0,1,1259,1116,124
1,5000,5,ADVERSARIAL,1,1,0.1,0.1,500,cascade,,,2717.15,500,0.0,0.0010249,,,0,500,0,0,0
1,5000,5,ADVERSARIAL,1,1,0.1,0.1,500,greedy,,,970.889965,193,0.61523,0.0165746,,,0,1,192,274,33
1,5000,5,ADVERSARIAL,1,1,0.1,0.1,500,downstream_k1,1.0,1,781.317945,127,0.747495,0.1581686,,,0,1,126,337,36
2,5000,5,ADVERSARIAL,1,1,0.1,0.1,500,cascade,,,2692.25,500,0.0,0.0009696,,,0,500,0,0,0
2,5000,5,ADVERSARIAL,1,1,0.1,0.1,500,greedy,,,1013.109788,218,0.56513,0.0147382,,,0,1,217,254,28
2,5000,5,ADVERSARIAL,1,1,0.1,0.1,500,downstream_k1,1.0,1,744.166528,135,0.731463,0.1669912,,,0,1,134,326,39
3,5000,5,ADVERSARIAL,1,1,0.1,0.1,500,cascade,,,2711.65,500,0.0,0.0012085,,,0,500,0,0,0
3,5000,5,ADVERSARIAL,1,1,0.1,0.1,500,greedy,,,1017.926857,212,0.577154,0.0144869,,,0,1,211,249,39
3,5000,5,ADVERSARIAL,1,1,0.1,0.1,500,downstream_k1,1.0,1,813.577655,153,0.695391,0.1312354,,,0,1,152,298,49
4,5000,5,ADVERSARIAL,1,1,0.1,0.1,500,cascade,,,2715.65,500,0.0,0.0010059,,,0,500,0,0,0
4,5000,5,ADVERSARIAL,1,1,0.1,0.1,500,greedy,,,1005.036869,208,0.58517,0.0150711,,,0,1,207,273,19
4,5000,5,ADVERSARIAL,1,1,0.1,0.1,500,downstream_k1,1.0,1,804.29212,136,0.729459,0.1459421,,,0,1,135,337,27
5,5000,5,ADVERSARIAL,1,1,0.1,0.1,500,cascade,,,2644.3,500,0.0,0.0012776,,,0,500,0,0,0
5,5000,5,ADVERSARIAL,1,1,0.1,0.1,500,greedy,,,891.653826,187,0.627255,0.0132706,,,0,1,186,282,31
5,5000,5,ADVERSARIAL,1,1,0.1,0.1,500,downstream_k1,1.0,1,718.796088,124,0.753507,0.1469415,,,0,1,123,342,34
1,5000,5,ADVERSARIAL,1,1,0.25,0.25,1250,cascade,,,6776.15,1250,0.0,0.0017101,,,0,1250,0,0,0
1,5000,5,ADVERSARIAL,1,1,0.25,0.25,1250,greedy,,,2164.489911,432,0.654924,0.0157483,,,0,1,431,741,77
1,5000,5,ADVERSARIAL,1,1,0.25,0.25,1250,downstream_k1,1.0,1,1688.781584,267,0.78703,0.3846676,,,0,1,266,896,87
2,5000,5,ADVERSARIAL,1,1,0.25,0.25,1250,cascade,,,6656.45,1250,0.0,0.0016327,,,0,1250,0,0,0
2,5000,5,ADVERSARIAL,1,1,0.25,0.25,1250,greedy,,,2174.506941,477,0.618895,0.0201639,,,0,1,476,701,72
2,5000,5,ADVERSARIAL,1,1,0.25,0.25,1250,downstream_k1,1.0,1,1688.350042,301,0.759808,0.3781928,,,0,1,300,860,89
3,5000,5,ADVERSARIAL,1,1,0.25,0.25,1250,cascade,,,6757.1,1250,0.0,0.0019157,,,0,1250,0,0,0
3,5000,5,ADVERSARIAL,1,1,0.25,0.25,1250,greedy,,,2060.067685,421,0.663731,0.0162999,,,0,1,420,745,84
3,5000,5,ADVERSARIAL,1,1,0.25,0.25,1250,downstream_k1,1.0,1,1734.23577,308,0.754203,0.3702859,,,0,1,307,844,98
4,5000,5,ADVERSARIAL,1,1,0.25,0.25,1250,cascade,,,6700.0,1250,0.0,0.0020197,,,0,1250,0,0,0
4,5000,5,ADVERSARIAL,1,1,0.25,0.25,1250,greedy,,,2082.85681,432,0.654924,0.0206695,,,0,1,431,757,61
4,5000,5,ADVERSARIAL,1,1,0.25,0.25,1250,downstream_k1,1.0,1,1721.691193,288,0.770216,0.3733244,,,0,1,287,890,72
5,5000,5,ADVERSARIAL,1,1,0.25,0.25,1250,cascade,,,6744.4,1250,0.0,0.0020409,,,0,1250,0,0,0
5,5000,5,ADVERSARIAL,1,1,0.25,0.25,1250,greedy,,,1905.25941,390,0.688551,0.01861,,,0,1,389,771,89
5,5000,5,ADVERSARIAL,1,1,0.25,0.25,1250,downstream_k1,1.0,1,1600.883477,273,0.782226,0.4152146,,,0,1,272,884,93
1,5000,5,ADVERSARIAL,1,1,0.5,0.5,2500,cascade,,,11652.1,2500,0.0,0.0033902,,,0,2500,0,0,0
1,5000,5,ADVERSARIAL,1,1,0.5,0.5,2500,greedy,,,4256.639837,1097,0.561425,0.0250679,,,0,1,1096,1272,131
1,5000,5,ADVERSARIAL,1,1,0.5,0.5,2500,downstream_k1,1.0,1,3262.113504,708,0.717087,0.8100228,,,0,1,707,1630,162
2,5000,5,ADVERSARIAL,1,1,0.5,0.5,2500,cascade,,,11604.2,2500,0.0,0.0013651,,,0,2500,0,0,0
2,5000,5,ADVERSARIAL,1,1,0.5,0.5,2500,greedy,,,4145.057188,1092,0.563425,0.0272751,,,0,1,1091,1287,121
2,5000,5,ADVERSARIAL,1,1,0.5,0.5,2500,downstream_k1,1.0,1,3212.985229,732,0.707483,0.9296214,,,0,1,731,1611,157
3,5000,5,ADVERSARIAL,1,1,0.5,0.5,2500,cascade,,,11638.55,2500,0.0,0.0033478,,,0,2500,0,0,0
3,5000,5,ADVERSARIAL,1,1,0.5,0.5,2500,greedy,,,4142.354685,1074,0.570628,0.0171186,,,0,1,1073,1295,131
3,5000,5,ADVERSARIAL,1,1,0.5,0.5,2500,downstream_k1,1.0,1,3386.443638,773,0.691076,0.7304565,,,0,1,772,1562,165
4,5000,5,ADVERSARIAL,1,1,0.5,0.5,2500,cascade,,,11445.85,2500,0.0,0.0019885,,,0,2500,0,0,0
4,5000,5,ADVERSARIAL,1,1,0.5,0.5,2500,greedy,,,4000.063152,1069,0.572629,0.025138,,,0,1,1068,1310,121
4,5000,5,ADVERSARIAL,1,1,0.5,0.5,2500,downstream_k1,1.0,1,3175.685659,732,0.707483,0.8441069,,,0,1,731,1620,148
5,5000,5,ADVERSARIAL,1,1,0.5,0.5,2500,cascade,,,11607.0,2500,0.0,0.003668,,,0,2500,0,0,0
5,5000,5,ADVERSARIAL,1,1,0.5,0.5,2500,greedy,,,3830.330552,1012,0.595438,0.0235038,,,0,1,1011,1336,152
5,5000,5,ADVERSARIAL,1,1,0.5,0.5,2500,downstream_k1,1.0,1,3076.398647,689,0.72469,0.9266503,,,0,1,688,1637,174
1,10000,5,LOCAL,0,1,0.1,0.1,1000,cascade,,,1088.2,1000,0.0,0.0016693,,,0,1000,0,0,0
1,10000,5,LOCAL,0,1,0.1,0.1,1000,greedy,,,967.720311,974,0.026026,0.0260747,,,0,1,973,24,2
1,10000,5,LOCAL,0,1,0.1,0.1,1000,downstream_k1,1.0,1,966.671999,955,0.045045,0.4330587,,,0,1,954,41,4
2,10000,5,LOCAL,0,1,0.1,0.1,1000,cascade,,,1084.6,1000,0.0,0.0017718,,,0,1000,0,0,0
2,10000,5,LOCAL,0,1,0.1,0.1,1000,greedy,,,966.06843,980,0.02002,0.0192993,,,0,1,979,20,0
2,10000,5,LOCAL,0,1,0.1,0.1,1000,downstream_k1,1.0,1,964.990425,969,0.031031,0.3827643,,,0,1,968,30,1
3,10000,5,LOCAL,0,1,0.1,0.1,1000,cascade,,,1085.35,1000,0.0,0.0020031,,,0,1000,0,0,0
3,10000,5,LOCAL,0,1,0.1,0.1,1000,greedy,,,964.43237,970,0.03003,0.0284958,,,0,1,969,30,0
3,10000,5,LOCAL,0,1,0.1,0.1,1000,downstream_k1,1.0,1,963.510217,949,0.051051,0.416079,,,0,1,948,48,3
4,10000,5,LOCAL,0,1,0.1,0.1,1000,cascade,,,1086.1,1000,0.0,0.002017,,,0,1000,0,0,0
4,10000,5,LOCAL,0,1,0.1,0.1,1000,greedy,,,964.988957,970,0.03003,0.0275492,,,0,1,969,29,1
4,10000,5,LOCAL,0,1,0.1,0.1,1000,downstream_k1,1.0,1,963.453942,959,0.041041,0.434139,,,0,1,958,39,2
5,10000,5,LOCAL,0,1,0.1,0.1,1000,cascade,,,1079.35,1000,0.0,0.0015638,,,0,1000,0,0,0
5,10000,5,LOCAL,0,1,0.1,0.1,1000,greedy,,,960.728049,973,0.027027,0.0304058,,,0,1,972,26,1
5,10000,5,LOCAL,0,1,0.1,0.1,1000,downstream_k1,1.0,1,959.196099,962,0.038038,0.4459402,,,0,1,961,36,2
1,10000,5,LOCAL,0,1,0.25,0.25,2500,cascade,,,2722.75,2500,0.0,0.0032954,,,0,2500,0,0,0
1,10000,5,LOCAL,0,1,0.25,0.25,2500,greedy,,,2421.860055,2446,0.021609,0.0347838,,,0,1,2445,51,3
1,10000,5,LOCAL,0,1,0.25,0.25,2500,downstream_k1,1.0,1,2419.577737,2415,0.034014,0.9913654,,,0,1,2414,80,5
2,10000,5,LOCAL,0,1,0.25,0.25,2500,cascade,,,2721.4,2500,0.0,0.0045962,,,0,2500,0,0,0
2,10000,5,LOCAL,0,1,0.25,0.25,2500,greedy,,,2419.333215,2434,0.026411,0.0306947,,,0,1,2433,62,4
2,10000,5,LOCAL,0,1,0.25,0.25,2500,downstream_k1,1.0,1,2416.411993,2394,0.042417,0.9649741,,,0,1,2393,99,7
3,10000,5,LOCAL,0,1,0.25,0.25,2500,cascade,,,2725.3,2500,0.0,0.0047096,,,0,2500,0,0,0
3,10000,5,LOCAL,0,1,0.25,0.25,2500,greedy,,,2418.955461,2422,0.031212,0.0379433,,,0,1,2421,77,1
3,10000,5,LOCAL,0,1,0.25,0.25,2500,downstream_k1,1.0,1,2417.141797,2389,0.044418,0.9824806,,,0,1,2388,106,5
4,10000,5,LOCAL,0,1,0.25,0.25,2500,cascade,,,2720.65,2500,0.0,0.0043759,,,0,2500,0,0,0
4,10000,5,LOCAL,0,1,0.25,0.25,2500,greedy,,,2414.039243,2425,0.030012,0.0364516,,,0,1,2424,71,4
4,10000,5,LOCAL,0,1,0.25,0.25,2500,downstream_k1,1.0,1,2411.499088,2396,0.041617,0.9855631,,,0,1,2395,97,7
5,10000,5,LOCAL,0,1,0.25,0.25,2500,cascade,,,2725.3,2500,0.0,0.0033309,,,0,2500,0,0,0
5,10000,5,LOCAL,0,1,0.25,0.25,2500,greedy,,,2420.807002,2435,0.02601,0.0372864,,,0,1,2434,62,3
5,10000,5,LOCAL,0,1,0.25,0.25,2500,downstream_k1,1.0,1,2417.736985,2404,0.038415,0.9954685,,,0,1,2403,91,5
1,10000,5,LOCAL,0,1,0.5,0.5,5000,cascade,,,5385.65,5000,0.0,0.004805,,,0,5000,0,0,0
1,10000,5,LOCAL,0,1,0.5,0.5,5000,greedy,,,4792.548761,4888,0.022404,0.0539376,,,0,1,4887,106,6
1,10000,5,LOCAL,0,1,0.5,0.5,5000,downstream_k1,1.0,1,4786.990449,4828,0.034407,1.9451488,,,0,1,4827,161,11
2,10000,5,LOCAL,0,1,0.5,0.5,5000,cascade,,,5381.0,5000,0.0,0.0077912,,,0,5000,0,0,0
2,10000,5,LOCAL,0,1,0.5,0.5,5000,greedy,,,4791.328066,4897,0.020604,0.0470322,,,0,1,4896,98,5
2,10000,5,LOCAL,0,1,0.5,0.5,5000,downstream_k1,1.0,1,4787.296204,4835,0.033007,1.9251907,,,0,1,4834,157,8
3,10000,5,LOCAL,0,1,0.5,0.5,5000,cascade,,,5379.2,5000,0.0,0.0056254,,,0,5000,0,0,0
3,10000,5,LOCAL,0,1,0.5,0.5,5000,greedy,,,4782.490376,4868,0.026405,0.0586043,,,0,1,4867,130,2
3,10000,5,LOCAL,0,1,0.5,0.5,5000,downstream_k1,1.0,1,4778.994801,4816,0.036807,1.8475041,,,0,1,4815,176,8
4,10000,5,LOCAL,0,1,0.5,0.5,5000,cascade,,,5381.9,5000,0.0,0.0039483,,,0,5000,0,0,0
4,10000,5,LOCAL,0,1,0.5,0.5,5000,greedy,,,4782.966,4870,0.026005,0.0569344,,,0,1,4869,122,8
4,10000,5,LOCAL,0,1,0.5,0.5,5000,downstream_k1,1.0,1,4778.007253,4822,0.035607,1.7108316,,,0,1,4821,164,14
5,10000,5,LOCAL,0,1,0.5,0.5,5000,cascade,,,5390.75,5000,0.0,0.0058364,,,0,5000,0,0,0
5,10000,5,LOCAL,0,1,0.5,0.5,5000,greedy,,,4796.620413,4887,0.022605,0.0532488,,,0,1,4886,108,5
5,10000,5,LOCAL,0,1,0.5,0.5,5000,downstream_k1,1.0,1,4792.244402,4833,0.033407,1.9604209,,,0,1,4832,159,8
1,10000,5,SHARED,0,1,0.1,0.1,1000,cascade,,,3858.4,1000,0.0,0.0031804,,,0,1000,0,0,0
1,10000,5,SHARED,0,1,0.1,0.1,1000,greedy,,,2166.154949,551,0.449449,0.0347977,,,0,1,550,396,53
1,10000,5,SHARED,0,1,0.1,0.1,1000,downstream_k1,1.0,1,2013.119936,462,0.538539,0.5507873,,,0,1,461,475,63
2,10000,5,SHARED,0,1,0.1,0.1,1000,cascade,,,3872.9,1000,0.0,0.0020973,,,0,1000,0,0,0
2,10000,5,SHARED,0,1,0.1,0.1,1000,greedy,,,2100.651219,522,0.478478,0.0393933,,,0,1,521,441,37
2,10000,5,SHARED,0,1,0.1,0.1,1000,downstream_k1,1.0,1,1962.810214,441,0.55956,0.5548563,,,0,1,440,511,48
3,10000,5,SHARED,0,1,0.1,0.1,1000,cascade,,,3797.3,1000,0.0,0.0015266,,,0,1000,0,0,0
3,10000,5,SHARED,0,1,0.1,0.1,1000,greedy,,,2166.657521,553,0.447447,0.0330381,,,0,1,552,406,41
3,10000,5,SHARED,0,1,0.1,0.1,1000,downstream_k1,1.0,1,2084.995008,495,0.505506,0.5150839,,,0,1,494,456,49
4,10000,5,SHARED,0,1,0.1,0.1,1000,cascade,,,3928.4,1000,0.0,0.0026618,,,0,1000,0,0,0
4,10000,5,SHARED,0,1,0.1,0.1,1000,greedy,,,2191.085645,567,0.433433,0.0347969,,,0,1,566,399,34
4,10000,5,SHARED,0,1,0.1,0.1,1000,downstream_k1,1.0,1,2056.823527,471,0.52953,0.5256698,,,0,1,470,488,41
5,10000,5,SHARED,0,1,0.1,0.1,1000,cascade,,,4040.9,1000,0.0,0.0031357,,,0,1000,0,0,0
5,10000,5,SHARED,0,1,0.1,0.1,1000,greedy,,,2105.90068,498,0.502503,0.0343746,,,0,1,497,453,49
5,10000,5,SHARED,0,1,0.1,0.1,1000,downstream_k1,1.0,1,2009.225952,433,0.567568,0.5153938,,,0,1,432,513,54
1,10000,5,SHARED,0,1,0.25,0.25,2500,cascade,,,9672.8,2500,0.0,0.0048616,,,0,2500,0,0,0
1,10000,5,SHARED,0,1,0.25,0.25,2500,greedy,,,4997.648425,1210,0.516206,0.0603383,,,0,1,1209,1164,126
1,10000,5,SHARED,0,1,0.25,0.25,2500,downstream_k1,1.0,1,4717.607838,1032,0.587435,1.3962261,,,0,1,1031,1320,148
2,10000,5,SHARED,0,1,0.25,0.25,2500,cascade,,,9724.9,2500,0.0,0.0043283,,,0,2500,0,0,0
2,10000,5,SHARED,0,1,0.25,0.25,2500,greedy,,,4879.137038,1169,0.532613,0.0512139,,,0,1,1168,1204,127
2,10000,5,SHARED,0,1,0.25,0.25,2500,downstream_k1,1.0,1,4594.357446,998,0.60104,1.3506038,,,0,1,997,1356,146
3,10000,5,SHARED,0,1,0.25,0.25,2500,cascade,,,9642.4,2500,0.0,0.0023446,,,0,2500,0,0,0
3,10000,5,SHARED,0,1,0.25,0.25,2500,greedy,,,4936.216359,1182,0.527411,0.0565624,,,0,1,1181,1188,130
3,10000,5,SHARED,0,1,0.25,0.25,2500,downstream_k1,1.0,1,4717.513557,1031,0.587835,1.2597989,,,0,1,1030,1318,151
4,10000,5,SHARED,0,1,0.25,0.25,2500,cascade,,,9822.9,2500,0.0,0.0020227,,,0,2500,0,0,0
4,10000,5,SHARED,0,1,0.25,0.25,2500,greedy,,,4895.984071,1149,0.540616,0.0363158,,,0,1,1148,1222,129
4,10000,5,SHARED,0,1,0.25,0.25,2500,downstream_k1,1.0,1,4587.005753,940,0.62425,1.1490925,,,0,1,939,1417,143
5,10000,5,SHARED,0,1,0.25,0.25,2500,cascade,,,9907.0,2500,0.0,0.0013255,,,0,2500,0,0,0
5,10000,5,SHARED,0,1,0.25,0.25,2500,greedy,,,4840.256667,1109,0.556623,0.0161752,,,0,1,1108,1258,133
5,10000,5,SHARED,0,1,0.25,0.25,2500,downstream_k1,1.0,1,4583.013718,941,0.62385,0.4404309,,,0,1,940,1412,147
1,10000,5,SHARED,0,1,0.5,0.5,5000,cascade,,,16603.9,5000,0.0,0.0022475,,,0,5000,0,0,0
1,10000,5,SHARED,0,1,0.5,0.5,5000,greedy,,,9971.444978,3204,0.359272,0.018518,,,0,1,3203,1617,179
1,10000,5,SHARED,0,1,0.5,0.5,5000,downstream_k1,1.0,1,9526.940836,2863,0.427485,0.9596056,,,0,1,2862,1923,214
2,10000,5,SHARED,0,1,0.5,0.5,5000,cascade,,,16459.4,5000,0.0,0.0024781,,,0,5000,0,0,0
2,10000,5,SHARED,0,1,0.5,0.5,5000,greedy,,,9547.671091,3045,0.391078,0.0231503,,,0,1,3044,1765,190
2,10000,5,SHARED,0,1,0.5,0.5,5000,downstream_k1,1.0,1,9043.225724,2676,0.464893,0.9078598,,,0,1,2675,2098,226
3,10000,5,SHARED,0,1,0.5,0.5,5000,cascade,,,16341.5,5000,0.0,0.0034331,,,0,5000,0,0,0
3,10000,5,SHARED,0,1,0.5,0.5,5000,greedy,,,9684.338529,3137,0.372675,0.0223413,,,0,1,3136,1680,183
3,10000,5,SHARED,0,1,0.5,0.5,5000,downstream_k1,1.0,1,9295.48371,2840,0.432086,0.9974695,,,0,1,2839,1944,216
4,10000,5,SHARED,0,1,0.5,0.5,5000,cascade,,,16446.3,5000,0.0,0.0021363,,,0,5000,0,0,0
4,10000,5,SHARED,0,1,0.5,0.5,5000,greedy,,,9570.332384,3035,0.393079,0.0201461,,,0,1,3034,1777,188
4,10000,5,SHARED,0,1,0.5,0.5,5000,downstream_k1,1.0,1,9044.825442,2632,0.473695,0.9765088,,,0,1,2631,2145,223
5,10000,5,SHARED,0,1,0.5,0.5,5000,cascade,,,16536.0,5000,0.0,0.0026588,,,0,5000,0,0,0
5,10000,5,SHARED,0,1,0.5,0.5,5000,greedy,,,9475.591232,2982,0.403681,0.0247367,,,0,1,2981,1833,185
5,10000,5,SHARED,0,1,0.5,0.5,5000,downstream_k1,1.0,1,9019.089729,2618,0.476495,0.8920257,,,0,1,2617,2167,215
1,10000,5,ADVERSARIAL,1,1,0.1,0.1,1000,cascade,,,5300.65,1000,0.0,0.0009103,,,0,1000,0,0,0
1,10000,5,ADVERSARIAL,1,1,0.1,0.1,1000,greedy,,,1979.108091,420,0.580581,0.0116977,,,0,1,419,528,52
1,10000,5,ADVERSARIAL,1,1,0.1,0.1,1000,downstream_k1,1.0,1,1658.742267,316,0.684685,0.1856631,,,0,1,315,621,63
2,10000,5,ADVERSARIAL,1,1,0.1,0.1,1000,cascade,,,5337.2,1000,0.0,0.0007072,,,0,1000,0,0,0
2,10000,5,ADVERSARIAL,1,1,0.1,0.1,1000,greedy,,,1956.241111,418,0.582583,0.0110213,,,0,1,417,532,50
2,10000,5,ADVERSARIAL,1,1,0.1,0.1,1000,downstream_k1,1.0,1,1501.405386,265,0.735736,0.1876171,,,0,1,264,672,63
3,10000,5,ADVERSARIAL,1,1,0.1,0.1,1000,cascade,,,5264.6,1000,0.0,0.0008109,,,0,1000,0,0,0
3,10000,5,ADVERSARIAL,1,1,0.1,0.1,1000,greedy,,,2053.009655,432,0.568569,0.0112599,,,0,1,431,520,48
3,10000,5,ADVERSARIAL,1,1,0.1,0.1,1000,downstream_k1,1.0,1,1700.129422,311,0.68969,0.1867912,,,0,1,310,626,63
4,10000,5,ADVERSARIAL,1,1,0.1,0.1,1000,cascade,,,5394.05,1000,0.0,0.0007939,,,0,1000,0,0,0
4,10000,5,ADVERSARIAL,1,1,0.1,0.1,1000,greedy,,,2043.948413,433,0.567568,0.0105252,,,0,1,432,527,40
4,10000,5,ADVERSARIAL,1,1,0.1,0.1,1000,downstream_k1,1.0,1,1649.347366,291,0.70971,0.1871523,,,0,1,290,660,49
5,10000,5,ADVERSARIAL,1,1,0.1,0.1,1000,cascade,,,5506.35,1000,0.0,0.0008068,,,0,1000,0,0,0
5,10000,5,ADVERSARIAL,1,1,0.1,0.1,1000,greedy,,,2076.031156,420,0.580581,0.0114021,,,0,1,419,530,50
5,10000,5,ADVERSARIAL,1,1,0.1,0.1,1000,downstream_k1,1.0,1,1696.27229,290,0.710711,0.1877092,,,0,1,289,651,59
1,10000,5,ADVERSARIAL,1,1,0.25,0.25,2500,cascade,,,13283.0,2500,0.0,0.0014373,,,0,2500,0,0,0
1,10000,5,ADVERSARIAL,1,1,0.25,0.25,2500,greedy,,,4195.298892,894,0.642657,0.014378,,,0,1,893,1469,137
1,10000,5,ADVERSARIAL,1,1,0.25,0.25,2500,downstream_k1,1.0,1,3494.570456,646,0.741897,0.4631369,,,0,1,645,1686,168
2,10000,5,ADVERSARIAL,1,1,0.25,0.25,2500,cascade,,,13438.5,2500,0.0,0.0012106,,,0,2500,0,0,0
2,10000,5,ADVERSARIAL,1,1,0.25,0.25,2500,greedy,,,4025.888333,839,0.664666,0.0160798,,,0,1,838,1505,156
2,10000,5,ADVERSARIAL,1,1,0.25,0.25,2500,downstream_k1,1.0,1,3232.334658,558,0.777111,0.4258573,,,0,1,557,1764,178
3,10000,5,ADVERSARIAL,1,1,0.25,0.25,2500,cascade,,,13391.4,2500,0.0,0.0012635,,,0,2500,0,0,0
3,10000,5,ADVERSARIAL,1,1,0.25,0.25,2500,greedy,,,4169.258816,852,0.659464,0.0163212,,,0,1,851,1508,140
3,10000,5,ADVERSARIAL,1,1,0.25,0.25,2500,downstream_k1,1.0,1,3498.842708,608,0.757103,0.455831,,,0,1,607,1724,168
4,10000,5,ADVERSARIAL,1,1,0.25,0.25,2500,cascade,,,13493.7,2500,0.0,0.0012598,,,0,2500,0,0,0
4,10000,5,ADVERSARIAL,1,1,0.25,0.25,2500,greedy,,,4190.070574,866,0.653862,0.01667,,,0,1,865,1504,130
4,10000,5,ADVERSARIAL,1,1,0.25,0.25,2500,downstream_k1,1.0,1,3354.885811,555,0.778311,0.4659209,,,0,1,554,1787,158
5,10000,5,ADVERSARIAL,1,1,0.25,0.25,2500,cascade,,,13569.25,2500,0.0,0.0012007,,,0,2500,0,0,0
5,10000,5,ADVERSARIAL,1,1,0.25,0.25,2500,greedy,,,4313.014067,891,0.643858,0.0134769,,,0,1,890,1445,164
5,10000,5,ADVERSARIAL,1,1,0.25,0.25,2500,downstream_k1,1.0,1,3539.648026,598,0.761104,0.4208919,,,0,1,597,1718,184
1,10000,5,ADVERSARIAL,1,1,0.5,0.5,5000,cascade,,,23277.95,5000,0.0,0.0023025,,,0,5000,0,0,0
1,10000,5,ADVERSARIAL,1,1,0.5,0.5,5000,greedy,,,8436.569586,2184,0.563313,0.0231788,,,0,1,2183,2566,250
1,10000,5,ADVERSARIAL,1,1,0.5,0.5,5000,downstream_k1,1.0,1,6843.997928,1561,0.687938,1.0868534,,,0,1,1560,3115,324
2,10000,5,ADVERSARIAL,1,1,0.5,0.5,5000,cascade,,,23224.3,5000,0.0,0.0026659,,,0,5000,0,0,0
2,10000,5,ADVERSARIAL,1,1,0.5,0.5,5000,greedy,,,7997.168603,2082,0.583717,0.0250743,,,0,1,2081,2649,269
2,10000,5,ADVERSARIAL,1,1,0.5,0.5,5000,downstream_k1,1.0,1,6278.805941,1394,0.721344,1.1443346,,,0,1,1393,3281,325
3,10000,5,ADVERSARIAL,1,1,0.5,0.5,5000,cascade,,,23050.9,5000,0.0,0.0028103,,,0,5000,0,0,0
3,10000,5,ADVERSARIAL,1,1,0.5,0.5,5000,greedy,,,8310.357857,2174,0.565313,0.0236876,,,0,1,2173,2582,244
3,10000,5,ADVERSARIAL,1,1,0.5,0.5,5000,downstream_k1,1.0,1,6851.272778,1572,0.685737,1.1469546,,,0,1,1571,3119,309
4,10000,5,ADVERSARIAL,1,1,0.5,0.5,5000,cascade,,,23078.0,5000,0.0,0.0026273,,,0,5000,0,0,0
4,10000,5,ADVERSARIAL,1,1,0.5,0.5,5000,greedy,,,8240.254545,2188,0.562513,0.0225881,,,0,1,2187,2580,232
4,10000,5,ADVERSARIAL,1,1,0.5,0.5,5000,downstream_k1,1.0,1,6477.634267,1474,0.705341,1.1295975,,,0,1,1473,3234,292
5,10000,5,ADVERSARIAL,1,1,0.5,0.5,5000,cascade,,,23090.1,5000,0.0,0.0027662,,,0,5000,0,0,0
5,10000,5,ADVERSARIAL,1,1,0.5,0.5,5000,greedy,,,8359.978246,2226,0.554911,0.0232736,,,0,1,2225,2525,249
5,10000,5,ADVERSARIAL,1,1,0.5,0.5,5000,downstream_k1,1.0,1,6715.84345,1549,0.690338,1.1590818,,,0,1,1548,3139,312
1,50000,5,LOCAL,0,1,0.1,0.1,5000,cascade,,,5423.45,5000,0.0,0.0072057,,,0,5000,0,0,0
1,50000,5,LOCAL,0,1,0.1,0.1,5000,greedy,,,4816.800886,4859,0.028206,0.0659799,,,0,1,4858,138,3
1,50000,5,LOCAL,0,1,0.1,0.1,5000,downstream_k1,1.0,1,4810.818463,4777,0.044609,23.0709681,,,0,1,4776,215,8
2,50000,5,LOCAL,0,1,0.1,0.1,5000,cascade,,,5437.7,5000,0.0,0.0069011,,,0,5000,0,0,0
2,50000,5,LOCAL,0,1,0.1,0.1,5000,greedy,,,4829.473491,4860,0.028006,0.0800898,,,0,1,4859,133,7
2,50000,5,LOCAL,0,1,0.1,0.1,5000,downstream_k1,1.0,1,4823.138722,4790,0.042008,23.2631721,,,0,1,4789,201,9
3,50000,5,LOCAL,0,1,0.1,0.1,5000,cascade,,,5460.2,5000,0.0,0.0067585,,,0,5000,0,0,0
3,50000,5,LOCAL,0,1,0.1,0.1,5000,greedy,,,4839.019007,4826,0.034807,0.0657074,,,0,1,4825,164,10
3,50000,5,LOCAL,0,1,0.1,0.1,5000,downstream_k1,1.0,1,4833.006795,4753,0.04941,23.4298558,,,0,1,4752,230,17
4,50000,5,LOCAL,0,1,0.1,0.1,5000,cascade,,,5425.4,5000,0.0,0.006741,,,0,5000,0,0,0
4,50000,5,LOCAL,0,1,0.1,0.1,5000,greedy,,,4817.426151,4851,0.029806,0.0677854,,,0,1,4850,146,3
4,50000,5,LOCAL,0,1,0.1,0.1,5000,downstream_k1,1.0,1,4812.939215,4801,0.039808,23.183692,,,0,1,4800,192,7
5,50000,5,LOCAL,0,1,0.1,0.1,5000,cascade,,,5433.35,5000,0.0,0.0067995,,,0,5000,0,0,0
5,50000,5,LOCAL,0,1,0.1,0.1,5000,greedy,,,4825.080127,4863,0.027405,0.0683208,,,0,1,4862,130,7
5,50000,5,LOCAL,0,1,0.1,0.1,5000,downstream_k1,1.0,1,4819.690323,4808,0.038408,23.4511686,,,0,1,4807,178,14
1,50000,5,LOCAL,0,1,0.25,0.25,12500,cascade,,,13597.7,12500,0.0,0.0110073,,,0,12500,0,0,0
1,50000,5,LOCAL,0,1,0.25,0.25,12500,greedy,,,12055.372733,12052,0.035843,0.1043774,,,0,1,12051,426,22
1,50000,5,LOCAL,0,1,0.25,0.25,12500,downstream_k1,1.0,1,12040.520324,11862,0.051044,51.7294304,,,0,1,11861,599,39
2,50000,5,LOCAL,0,1,0.25,0.25,12500,cascade,,,13622.45,12500,0.0,0.0126952,,,0,12500,0,0,0
2,50000,5,LOCAL,0,1,0.25,0.25,12500,greedy,,,12090.073573,12100,0.032003,0.0976661,,,0,1,12099,379,21
2,50000,5,LOCAL,0,1,0.25,0.25,12500,downstream_k1,1.0,1,12077.958028,11943,0.044564,51.0119884,,,0,1,11942,524,33
3,50000,5,LOCAL,0,1,0.25,0.25,12500,cascade,,,13643.75,12500,0.0,0.010364,,,0,12500,0,0,0
3,50000,5,LOCAL,0,1,0.25,0.25,12500,greedy,,,12094.470409,12081,0.033523,0.0969038,,,0,1,12080,399,20
3,50000,5,LOCAL,0,1,0.25,0.25,12500,downstream_k1,1.0,1,12079.538654,11914,0.046884,50.6438487,,,0,1,11913,549,37
4,50000,5,LOCAL,0,1,0.25,0.25,12500,cascade,,,13613.75,12500,0.0,0.0105883,,,0,12500,0,0,0
4,50000,5,LOCAL,0,1,0.25,0.25,12500,greedy,,,12076.973476,12100,0.032003,0.0934201,,,0,1,12099,386,14
4,50000,5,LOCAL,0,1,0.25,0.25,12500,downstream_k1,1.0,1,12062.66679,11943,0.044564,50.7730195,,,0,1,11942,526,31
5,50000,5,LOCAL,0,1,0.25,0.25,12500,cascade,,,13618.55,12500,0.0,0.011289,,,0,12500,0,0,0
5,50000,5,LOCAL,0,1,0.25,0.25,12500,greedy,,,12087.228031,12158,0.027362,0.1016498,,,0,1,12157,324,18
5,50000,5,LOCAL,0,1,0.25,0.25,12500,downstream_k1,1.0,1,12071.296018,11974,0.042083,50.6524751,,,0,1,11973,489,37
1,50000,5,LOCAL,0,1,0.5,0.5,25000,cascade,,,26887.45,25000,0.0,0.0237607,,,0,25000,0,0,0
1,50000,5,LOCAL,0,1,0.5,0.5,25000,greedy,,,23902.897871,24309,0.027641,0.152389,,,0,1,24308,658,33
1,50000,5,LOCAL,0,1,0.5,0.5,25000,downstream_k1,1.0,1,23880.699214,23997,0.040122,93.5706874,,,0,1,23996,941,62
2,50000,5,LOCAL,0,1,0.5,0.5,25000,cascade,,,26893.45,25000,0.0,0.0264064,,,0,25000,0,0,0
2,50000,5,LOCAL,0,1,0.5,0.5,25000,greedy,,,23916.545524,24338,0.026481,0.1786119,,,0,1,24337,630,32
2,50000,5,LOCAL,0,1,0.5,0.5,25000,downstream_k1,1.0,1,23896.80795,24067,0.037321,93.6762789,,,0,1,24066,882,51
3,50000,5,LOCAL,0,1,0.5,0.5,25000,cascade,,,26933.5,25000,0.0,0.0214431,,,0,25000,0,0,0
3,50000,5,LOCAL,0,1,0.5,0.5,25000,greedy,,,23930.207094,24291,0.028361,0.1492013,,,0,1,24290,670,39
3,50000,5,LOCAL,0,1,0.5,0.5,25000,downstream_k1,1.0,1,23906.917417,24010,0.039602,94.3114846,,,0,1,24009,926,64
4,50000,5,LOCAL,0,1,0.5,0.5,25000,cascade,,,26895.85,25000,0.0,0.0216937,,,0,25000,0,0,0
4,50000,5,LOCAL,0,1,0.5,0.5,25000,greedy,,,23909.72195,24342,0.026321,0.1501215,,,0,1,24341,632,26
4,50000,5,LOCAL,0,1,0.5,0.5,25000,downstream_k1,1.0,1,23884.184221,24029,0.038842,94.2957628,,,0,1,24028,909,62
5,50000,5,LOCAL,0,1,0.5,0.5,25000,cascade,,,26921.35,25000,0.0,0.0230377,,,0,25000,0,0,0
5,50000,5,LOCAL,0,1,0.5,0.5,25000,greedy,,,23940.794751,24411,0.023561,0.1659701,,,0,1,24410,557,32
5,50000,5,LOCAL,0,1,0.5,0.5,25000,downstream_k1,1.0,1,23917.445233,24113,0.035481,95.9005762,,,0,1,24112,826,61
1,50000,5,SHARED,0,1,0.1,0.1,5000,cascade,,,19587.7,5000,0.0,0.0071845,,,0,5000,0,0,0
1,50000,5,SHARED,0,1,0.1,0.1,5000,greedy,,,10597.198651,2582,0.483697,0.091995,,,0,1,2581,2206,212
1,50000,5,SHARED,0,1,0.1,0.1,5000,downstream_k1,1.0,1,9953.490182,2207,0.558712,29.9335955,,,0,1,2206,2550,243
2,50000,5,SHARED,0,1,0.1,0.1,5000,cascade,,,19604.9,5000,0.0,0.0070958,,,0,5000,0,0,0
2,50000,5,SHARED,0,1,0.1,0.1,5000,greedy,,,10741.75798,2663,0.467493,0.0975796,,,0,1,2662,2144,193
2,50000,5,SHARED,0,1,0.1,0.1,5000,downstream_k1,1.0,1,10054.182813,2268,0.546509,29.8888774,,,0,1,2267,2498,234
3,50000,5,SHARED,0,1,0.1,0.1,5000,cascade,,,19473.9,5000,0.0,0.0064434,,,0,5000,0,0,0
3,50000,5,SHARED,0,1,0.1,0.1,5000,greedy,,,10502.492994,2597,0.480696,0.0962167,,,0,1,2596,2198,205
3,50000,5,SHARED,0,1,0.1,0.1,5000,downstream_k1,1.0,1,9930.534324,2244,0.55131,30.0231199,,,0,1,2243,2528,228
4,50000,5,SHARED,0,1,0.1,0.1,5000,cascade,,,19531.4,5000,0.0,0.0072916,,,0,5000,0,0,0
4,50000,5,SHARED,0,1,0.1,0.1,5000,greedy,,,10651.933935,2619,0.476295,0.0986715,,,0,1,2618,2128,253
4,50000,5,SHARED,0,1,0.1,0.1,5000,downstream_k1,1.0,1,10032.284452,2243,0.55151,30.1388401,,,0,1,2242,2469,288
5,50000,5,SHARED,0,1,0.1,0.1,5000,cascade,,,19511.7,5000,0.0,0.0077945,,,0,5000,0,0,0
5,50000,5,SHARED,0,1,0.1,0.1,5000,greedy,,,10435.808193,2540,0.492098,0.1080362,,,0,1,2539,2217,243
5,50000,5,SHARED,0,1,0.1,0.1,5000,downstream_k1,1.0,1,9761.980468,2164,0.567313,30.8015657,,,0,1,2163,2557,279
1,50000,5,SHARED,0,1,0.25,0.25,12500,cascade,,,48912.3,12500,0.0,0.0123884,,,0,12500,0,0,0
1,50000,5,SHARED,0,1,0.25,0.25,12500,greedy,,,24256.196948,5623,0.550204,0.1230722,,,0,1,5622,6193,684
1,50000,5,SHARED,0,1,0.25,0.25,12500,downstream_k1,1.0,1,22943.078482,4816,0.614769,69.7334096,,,0,1,4815,6932,752
2,50000,5,SHARED,0,1,0.25,0.25,12500,cascade,,,49086.9,12500,0.0,0.0124741,,,0,12500,0,0,0
2,50000,5,SHARED,0,1,0.25,0.25,12500,greedy,,,24843.475191,5887,0.529082,0.1298313,,,0,1,5886,5994,619
2,50000,5,SHARED,0,1,0.25,0.25,12500,downstream_k1,1.0,1,23416.564344,5043,0.596608,69.9627692,,,0,1,5042,6761,696
3,50000,5,SHARED,0,1,0.25,0.25,12500,cascade,,,48750.1,12500,0.0,0.012861,,,0,12500,0,0,0
3,50000,5,SHARED,0,1,0.25,0.25,12500,greedy,,,24685.883716,5904,0.527722,0.1258764,,,0,1,5903,6005,591
3,50000,5,SHARED,0,1,0.25,0.25,12500,downstream_k1,1.0,1,23413.398983,5093,0.592607,68.4464093,,,0,1,5092,6757,650
4,50000,5,SHARED,0,1,0.25,0.25,12500,cascade,,,48637.0,12500,0.0,0.0123964,,,0,12500,0,0,0
4,50000,5,SHARED,0,1,0.25,0.25,12500,greedy,,,24569.547824,5797,0.536283,0.1260425,,,0,1,5796,6020,683
4,50000,5,SHARED,0,1,0.25,0.25,12500,downstream_k1,1.0,1,23278.556291,5000,0.600048,69.3640092,,,0,1,4999,6744,756
5,50000,5,SHARED,0,1,0.25,0.25,12500,cascade,,,48769.8,12500,0.0,0.0145786,,,0,12500,0,0,0
5,50000,5,SHARED,0,1,0.25,0.25,12500,greedy,,,23969.822862,5560,0.555244,0.1376871,,,0,1,5559,6221,719
5,50000,5,SHARED,0,1,0.25,0.25,12500,downstream_k1,1.0,1,22564.635852,4723,0.62221,69.5514474,,,0,1,4722,6992,785
1,50000,5,SHARED,0,1,0.5,0.5,25000,cascade,,,82614.2,25000,0.0,0.0256645,,,0,25000,0,0,0
1,50000,5,SHARED,0,1,0.5,0.5,25000,greedy,,,47590.189945,14907,0.403736,0.2036299,,,0,1,14906,9089,1004
1,50000,5,SHARED,0,1,0.5,0.5,25000,downstream_k1,1.0,1,45300.36222,13258,0.469699,153.2935035,,,0,1,13257,10595,1147
2,50000,5,SHARED,0,1,0.5,0.5,25000,cascade,,,82690.4,25000,0.0,0.0266791,,,0,25000,0,0,0
2,50000,5,SHARED,0,1,0.5,0.5,25000,greedy,,,48673.86765,15510,0.379615,0.1972895,,,0,1,15509,8597,893
2,50000,5,SHARED,0,1,0.5,0.5,25000,downstream_k1,1.0,1,46287.245577,13796,0.448178,153.3505599,,,0,1,13795,10154,1050
3,50000,5,SHARED,0,1,0.5,0.5,25000,cascade,,,82419.0,25000,0.0,0.0258081,,,0,25000,0,0,0
3,50000,5,SHARED,0,1,0.5,0.5,25000,greedy,,,48470.581452,15454,0.381855,0.2098854,,,0,1,15453,8665,881
3,50000,5,SHARED,0,1,0.5,0.5,25000,downstream_k1,1.0,1,46264.540381,13791,0.448378,154.4964809,,,0,1,13790,10186,1023
4,50000,5,SHARED,0,1,0.5,0.5,25000,cascade,,,82151.6,25000,0.0,0.0266026,,,0,25000,0,0,0
4,50000,5,SHARED,0,1,0.5,0.5,25000,greedy,,,48284.70072,15447,0.382135,0.1929746,,,0,1,15446,8582,971
4,50000,5,SHARED,0,1,0.5,0.5,25000,downstream_k1,1.0,1,45976.287086,13725,0.451018,154.9200372,,,0,1,13724,10142,1133
5,50000,5,SHARED,0,1,0.5,0.5,25000,cascade,,,82601.8,25000,0.0,0.0262512,,,0,25000,0,0,0
5,50000,5,SHARED,0,1,0.5,0.5,25000,greedy,,,47672.373877,15001,0.399976,0.2317914,,,0,1,15000,8984,1015
5,50000,5,SHARED,0,1,0.5,0.5,25000,downstream_k1,1.0,1,45195.155917,13251,0.469979,153.9801865,,,0,1,13250,10569,1180
1,50000,5,ADVERSARIAL,1,1,0.1,0.1,5000,cascade,,,26999.65,5000,0.0,0.0069662,,,0,5000,0,0,0
1,50000,5,ADVERSARIAL,1,1,0.1,0.1,5000,greedy,,,9633.755718,2017,0.596719,0.0956077,,,0,1,2016,2724,259
1,50000,5,ADVERSARIAL,1,1,0.1,0.1,5000,downstream_k1,1.0,1,7568.957995,1293,0.741548,33.4933136,,,0,1,1292,3376,331
2,50000,5,ADVERSARIAL,1,1,0.1,0.1,5000,cascade,,,26930.45,5000,0.0,0.0068755,,,0,5000,0,0,0
2,50000,5,ADVERSARIAL,1,1,0.1,0.1,5000,greedy,,,10269.376712,2157,0.568714,0.0969108,,,0,1,2156,2599,244
2,50000,5,ADVERSARIAL,1,1,0.1,0.1,5000,downstream_k1,1.0,1,7862.8239,1366,0.726945,33.176253,,,0,1,1365,3326,308
3,50000,5,ADVERSARIAL,1,1,0.1,0.1,5000,cascade,,,26873.5,5000,0.0,0.0091962,,,0,5000,0,0,0
3,50000,5,ADVERSARIAL,1,1,0.1,0.1,5000,greedy,,,9914.021893,2094,0.581316,0.0953595,,,0,1,2093,2636,270
3,50000,5,ADVERSARIAL,1,1,0.1,0.1,5000,downstream_k1,1.0,1,7849.088876,1365,0.727145,32.3382663,,,0,1,1364,3290,345
4,50000,5,ADVERSARIAL,1,1,0.1,0.1,5000,cascade,,,26947.15,5000,0.0,0.0077249,,,0,5000,0,0,0
4,50000,5,ADVERSARIAL,1,1,0.1,0.1,5000,greedy,,,10313.607978,2143,0.571514,0.0949905,,,0,1,2142,2572,285
4,50000,5,ADVERSARIAL,1,1,0.1,0.1,5000,downstream_k1,1.0,1,8423.234415,1492,0.70174,33.1584577,,,0,1,1491,3159,349
5,50000,5,ADVERSARIAL,1,1,0.1,0.1,5000,cascade,,,26909.0,5000,0.0,0.0079474,,,0,5000,0,0,0
5,50000,5,ADVERSARIAL,1,1,0.1,0.1,5000,greedy,,,9603.548064,1965,0.607121,0.0943398,,,0,1,1964,2751,284
5,50000,5,ADVERSARIAL,1,1,0.1,0.1,5000,downstream_k1,1.0,1,7454.346659,1242,0.75175,33.8501987,,,0,1,1241,3412,346
1,50000,5,ADVERSARIAL,1,1,0.25,0.25,12500,cascade,,,67536.65,12500,0.0,0.01394,,,0,12500,0,0,0
1,50000,5,ADVERSARIAL,1,1,0.25,0.25,12500,greedy,,,20005.069608,4101,0.671974,0.130636,,,0,1,4100,7619,780
1,50000,5,ADVERSARIAL,1,1,0.25,0.25,12500,downstream_k1,1.0,1,16639.169481,2841,0.772782,77.1703288,,,0,1,2840,8762,897
2,50000,5,ADVERSARIAL,1,1,0.25,0.25,12500,cascade,,,67695.7,12500,0.0,0.0124354,,,0,12500,0,0,0
2,50000,5,ADVERSARIAL,1,1,0.25,0.25,12500,greedy,,,21235.65555,4347,0.652292,0.1360298,,,0,1,4346,7395,758
2,50000,5,ADVERSARIAL,1,1,0.25,0.25,12500,downstream_k1,1.0,1,17304.083858,2985,0.761261,75.1958853,,,0,1,2984,8646,869
3,50000,5,ADVERSARIAL,1,1,0.25,0.25,12500,cascade,,,67252.3,12500,0.0,0.0124301,,,0,12500,0,0,0
3,50000,5,ADVERSARIAL,1,1,0.25,0.25,12500,greedy,,,20864.61586,4357,0.651492,0.1259745,,,0,1,4356,7381,762
3,50000,5,ADVERSARIAL,1,1,0.25,0.25,12500,downstream_k1,1.0,1,17273.516383,3009,0.759341,74.8669588,,,0,1,3008,8589,902
4,50000,5,ADVERSARIAL,1,1,0.25,0.25,12500,cascade,,,67249.45,12500,0.0,0.0118521,,,0,12500,0,0,0
4,50000,5,ADVERSARIAL,1,1,0.25,0.25,12500,greedy,,,21119.750783,4325,0.654052,0.1283865,,,0,1,4324,7381,794
4,50000,5,ADVERSARIAL,1,1,0.25,0.25,12500,downstream_k1,1.0,1,17827.976399,3103,0.75182,74.9219403,,,0,1,3102,8475,922
5,50000,5,ADVERSARIAL,1,1,0.25,0.25,12500,cascade,,,67454.1,12500,0.0,0.012317,,,0,12500,0,0,0
5,50000,5,ADVERSARIAL,1,1,0.25,0.25,12500,greedy,,,20219.548781,4120,0.670454,0.1344713,,,0,1,4119,7563,817
5,50000,5,ADVERSARIAL,1,1,0.25,0.25,12500,downstream_k1,1.0,1,16565.026963,2809,0.775342,75.483893,,,0,1,2808,8770,921
1,50000,5,ADVERSARIAL,1,1,0.5,0.5,25000,cascade,,,116243.45,25000,0.0,0.0268621,,,0,25000,0,0,0
1,50000,5,ADVERSARIAL,1,1,0.5,0.5,25000,greedy,,,39692.302775,10312,0.587544,0.197292,,,0,1,10311,13333,1355
1,50000,5,ADVERSARIAL,1,1,0.5,0.5,25000,downstream_k1,1.0,1,32390.414766,7265,0.709428,178.1742458,,,0,1,7264,16121,1614
2,50000,5,ADVERSARIAL,1,1,0.5,0.5,25000,cascade,,,116333.25,25000,0.0,0.0278392,,,0,25000,0,0,0
2,50000,5,ADVERSARIAL,1,1,0.5,0.5,25000,greedy,,,41665.3821,10799,0.568063,0.1967954,,,0,1,10798,12918,1283
2,50000,5,ADVERSARIAL,1,1,0.5,0.5,25000,downstream_k1,1.0,1,33242.61821,7501,0.699988,176.8285292,,,0,1,7500,15915,1584
3,50000,5,ADVERSARIAL,1,1,0.5,0.5,25000,cascade,,,115894.3,25000,0.0,0.0275458,,,0,25000,0,0,0
3,50000,5,ADVERSARIAL,1,1,0.5,0.5,25000,greedy,,,40717.857791,10616,0.575383,0.2022973,,,0,1,10615,13075,1309
3,50000,5,ADVERSARIAL,1,1,0.5,0.5,25000,downstream_k1,1.0,1,32696.020547,7332,0.706748,180.6165378,,,0,1,7331,16045,1623
4,50000,5,ADVERSARIAL,1,1,0.5,0.5,25000,cascade,,,115719.4,25000,0.0,0.0251619,,,0,25000,0,0,0
4,50000,5,ADVERSARIAL,1,1,0.5,0.5,25000,greedy,,,41768.276159,10905,0.563823,0.195688,,,0,1,10904,12821,1274
4,50000,5,ADVERSARIAL,1,1,0.5,0.5,25000,downstream_k1,1.0,1,33945.641843,7676,0.692988,179.4374213,,,0,1,7675,15725,1599
5,50000,5,ADVERSARIAL,1,1,0.5,0.5,25000,cascade,,,116294.65,25000,0.0,0.0259888,,,0,25000,0,0,0
5,50000,5,ADVERSARIAL,1,1,0.5,0.5,25000,greedy,,,40025.566187,10413,0.583503,0.1943593,,,0,1,10412,13215,1372
5,50000,5,ADVERSARIAL,1,1,0.5,0.5,25000,downstream_k1,1.0,1,32005.300558,7175,0.713029,176.8821046,,,0,1,7174,16177,1648
1,100000,5,LOCAL,0,1,0.1,0.1,10000,cascade,,,10856.5,10000,0.0,0.0152921,,,0,10000,0,0,0
1,100000,5,LOCAL,0,1,0.1,0.1,10000,greedy,,,9639.833576,9707,0.029303,0.2013415,,,0,1,9706,282,11
1,100000,5,LOCAL,0,1,0.1,0.1,10000,downstream_k1,1.0,1,9632.932289,9619,0.038104,112.2862784,,,0,1,9618,365,16
2,100000,5,LOCAL,0,1,0.1,0.1,10000,cascade,,,10859.2,10000,0.0,0.0157494,,,0,10000,0,0,0
2,100000,5,LOCAL,0,1,0.1,0.1,10000,greedy,,,9637.414265,9695,0.030503,0.1759372,,,0,1,9694,290,15
2,100000,5,LOCAL,0,1,0.1,0.1,10000,downstream_k1,1.0,1,9628.283454,9569,0.043104,112.8952495,,,0,1,9568,407,24
3,100000,5,LOCAL,0,1,0.1,0.1,10000,cascade,,,10883.05,10000,0.0,0.0149368,,,0,10000,0,0,0
3,100000,5,LOCAL,0,1,0.1,0.1,10000,greedy,,,9660.150151,9713,0.028703,0.1733245,,,0,1,9712,272,15
3,100000,5,LOCAL,0,1,0.1,0.1,10000,downstream_k1,1.0,1,9653.635219,9615,0.038504,112.25926,,,0,1,9614,362,23
4,100000,5,LOCAL,0,1,0.1,0.1,10000,cascade,,,10876.3,10000,0.0,0.0145138,,,0,10000,0,0,0
4,100000,5,LOCAL,0,1,0.1,0.1,10000,greedy,,,9662.878484,9765,0.023502,0.173641,,,0,1,9764,231,4
4,100000,5,LOCAL,0,1,0.1,0.1,10000,downstream_k1,1.0,1,9651.961566,9626,0.037404,109.8501395,,,0,1,9625,360,14
5,100000,5,LOCAL,0,1,0.1,0.1,10000,cascade,,,10869.25,10000,0.0,0.0145672,,,0,10000,0,0,0
5,100000,5,LOCAL,0,1,0.1,0.1,10000,greedy,,,9656.552969,9743,0.025703,0.1824257,,,0,1,9742,242,15
5,100000,5,LOCAL,0,1,0.1,0.1,10000,downstream_k1,1.0,1,9644.000194,9609,0.039104,111.6085309,,,0,1,9608,366,25
1,100000,5,LOCAL,0,1,0.25,0.25,25000,cascade,,,27217.15,25000,0.0,0.0286843,,,0,25000,0,0,0
1,100000,5,LOCAL,0,1,0.25,0.25,25000,greedy,,,24151.93969,24189,0.032441,0.2425719,,,0,1,24188,782,29
1,100000,5,LOCAL,0,1,0.25,0.25,25000,downstream_k1,1.0,1,24129.861212,23917,0.043322,231.7523613,,,0,1,23916,1029,54
2,100000,5,LOCAL,0,1,0.25,0.25,25000,cascade,,,27215.5,25000,0.0,0.0725401,,,0,25000,0,0,0
2,100000,5,LOCAL,0,1,0.25,0.25,25000,greedy,,,24143.831955,24194,0.032241,0.5531553,,,0,1,24193,767,39
2,100000,5,LOCAL,0,1,0.25,0.25,25000,downstream_k1,1.0,1,24117.02326,23845,0.046202,466.6078158,,,0,1,23844,1084,71
3,100000,5,LOCAL,0,1,0.25,0.25,25000,cascade,,,27311.95,25000,0.0,0.0708827,,,0,25000,0,0,0
3,100000,5,LOCAL,0,1,0.25,0.25,25000,greedy,,,24225.596329,24248,0.030081,0.648039,,,0,1,24247,709,43
3,100000,5,LOCAL,0,1,0.25,0.25,25000,downstream_k1,1.0,1,24201.512392,23954,0.041842,471.9279007,,,0,1,23953,975,71
4,100000,5,LOCAL,0,1,0.25,0.25,25000,cascade,,,27223.9,25000,0.0,0.0773606,,,0,25000,0,0,0
4,100000,5,LOCAL,0,1,0.25,0.25,25000,greedy,,,24169.428858,24315,0.027401,0.5913541,,,0,1,24314,655,30
4,100000,5,LOCAL,0,1,0.25,0.25,25000,downstream_k1,1.0,1,24139.449141,23959,0.041642,468.1291275,,,0,1,23958,978,63
5,100000,5,LOCAL,0,1,0.25,0.25,25000,cascade,,,27247.15,25000,0.0,0.0734373,,,0,25000,0,0,0
5,100000,5,LOCAL,0,1,0.25,0.25,25000,greedy,,,24188.648168,24265,0.029401,0.6761478,,,0,1,24264,697,38
5,100000,5,LOCAL,0,1,0.25,0.25,25000,downstream_k1,1.0,1,24161.24319,23969,0.041242,486.5857667,,,0,1,23968,975,56
1,100000,5,LOCAL,0,1,0.5,0.5,50000,cascade,,,53792.3,50000,0.0,0.1227526,,,0,50000,0,0,0
1,100000,5,LOCAL,0,1,0.5,0.5,50000,greedy,,,47838.4947,48713,0.025741,0.7543567,,,0,1,48712,1222,65
1,100000,5,LOCAL,0,1,0.5,0.5,50000,downstream_k1,1.0,1,47801.440861,48206,0.035881,856.1152267,,,0,1,48205,1679,115
2,100000,5,LOCAL,0,1,0.5,0.5,50000,cascade,,,53799.65,50000,0.0,0.0873416,,,0,50000,0,0,0
2,100000,5,LOCAL,0,1,0.5,0.5,50000,greedy,,,47835.026312,48707,0.025861,0.6403428,,,0,1,48706,1228,65
2,100000,5,LOCAL,0,1,0.5,0.5,50000,downstream_k1,1.0,1,47783.092675,48071,0.038581,5978.359734,,,0,1,48070,1813,116
3,100000,5,LOCAL,0,1,0.5,0.5,50000,cascade,,,53878.1,50000,0.0,0.097758,,,0,50000,0,0,0
3,100000,5,LOCAL,0,1,0.5,0.5,50000,greedy,,,47891.48189,48694,0.026121,0.5835987,,,0,1,48693,1230,76
3,100000,5,LOCAL,0,1,0.5,0.5,50000,downstream_k1,1.0,1,47852.45858,48175,0.036501,479.1570463,,,0,1,48174,1694,131
4,100000,5,LOCAL,0,1,0.5,0.5,50000,cascade,,,53785.7,50000,0.0,0.1338992,,,0,50000,0,0,0
4,100000,5,LOCAL,0,1,0.5,0.5,50000,greedy,,,47834.882791,48805,0.0239,0.8838166,,,0,1,48804,1136,59
4,100000,5,LOCAL,0,1,0.5,0.5,50000,downstream_k1,1.0,1,47783.166072,48181,0.036381,820.3463895,,,0,1,48180,1700,119
5,100000,5,LOCAL,0,1,0.5,0.5,50000,cascade,,,53784.2,50000,0.0,0.1263368,,,0,50000,0,0,0
5,100000,5,LOCAL,0,1,0.5,0.5,50000,greedy,,,47839.942475,48755,0.0249,0.8284239,,,0,1,48754,1178,67
5,100000,5,LOCAL,0,1,0.5,0.5,50000,downstream_k1,1.0,1,47791.082386,48172,0.036561,822.1356223,,,0,1,48171,1705,123
1,100000,5,SHARED,0,1,0.1,0.1,10000,cascade,,,38851.7,10000,0.0,0.0412536,,,0,10000,0,0,0
1,100000,5,SHARED,0,1,0.1,0.1,10000,greedy,,,21127.889416,5174,0.482648,0.6421913,,,0,1,5173,4394,432
1,100000,5,SHARED,0,1,0.1,0.1,10000,downstream_k1,1.0,1,19869.785086,4427,0.557356,296.7662961,,,0,1,4426,5075,498
2,100000,5,SHARED,0,1,0.1,0.1,10000,cascade,,,39070.5,10000,0.0,0.0373117,,,0,10000,0,0,0
2,100000,5,SHARED,0,1,0.1,0.1,10000,greedy,,,21146.738288,5200,0.480048,0.6406569,,,0,1,5199,4355,445
2,100000,5,SHARED,0,1,0.1,0.1,10000,downstream_k1,1.0,1,19474.675209,4229,0.577158,300.3403744,,,0,1,4228,5228,543
3,100000,5,SHARED,0,1,0.1,0.1,10000,cascade,,,38902.4,10000,0.0,0.040556,,,0,10000,0,0,0
3,100000,5,SHARED,0,1,0.1,0.1,10000,greedy,,,21323.241474,5307,0.469347,0.4473071,,,0,1,5306,4244,449
3,100000,5,SHARED,0,1,0.1,0.1,10000,downstream_k1,1.0,1,19865.074909,4437,0.556356,306.6090905,,,0,1,4436,5038,525
4,100000,5,SHARED,0,1,0.1,0.1,10000,cascade,,,38627.4,10000,0.0,0.0466788,,,0,10000,0,0,0
4,100000,5,SHARED,0,1,0.1,0.1,10000,greedy,,,21219.264894,5302,0.469847,0.6601354,,,0,1,5301,4246,452
4,100000,5,SHARED,0,1,0.1,0.1,10000,downstream_k1,1.0,1,19793.54336,4445,0.555556,310.8840448,,,0,1,4444,5018,537
5,100000,5,SHARED,0,1,0.1,0.1,10000,cascade,,,39322.8,10000,0.0,0.044471,,,0,10000,0,0,0
5,100000,5,SHARED,0,1,0.1,0.1,10000,greedy,,,21207.699469,5124,0.487649,0.4135193,,,0,1,5123,4402,474
5,100000,5,SHARED,0,1,0.1,0.1,10000,downstream_k1,1.0,1,19915.894293,4379,0.562156,311.1381467,,,0,1,4378,5096,525
1,100000,5,SHARED,0,1,0.25,0.25,25000,cascade,,,97345.4,25000,0.0,0.0917349,,,0,25000,0,0,0
1,100000,5,SHARED,0,1,0.25,0.25,25000,greedy,,,49046.987112,11576,0.536981,0.802702,,,0,1,11575,12137,1287
1,100000,5,SHARED,0,1,0.25,0.25,25000,downstream_k1,1.0,1,46407.090205,9900,0.604024,699.2982851,,,0,1,9899,13676,1424
2,100000,5,SHARED,0,1,0.25,0.25,25000,cascade,,,97731.2,25000,0.0,0.0848564,,,0,25000,0,0,0
2,100000,5,SHARED,0,1,0.25,0.25,25000,greedy,,,49081.650025,11626,0.534981,0.7406645,,,0,1,11625,12079,1295
2,100000,5,SHARED,0,1,0.25,0.25,25000,downstream_k1,1.0,1,45946.043127,9721,0.611184,697.7895071,,,0,1,9720,13801,1478
3,100000,5,SHARED,0,1,0.25,0.25,25000,cascade,,,97113.6,25000,0.0,0.0743999,,,0,25000,0,0,0
3,100000,5,SHARED,0,1,0.25,0.25,25000,greedy,,,48851.162257,11621,0.535181,0.8033854,,,0,1,11620,12099,1280
3,100000,5,SHARED,0,1,0.25,0.25,25000,downstream_k1,1.0,1,46074.075055,9877,0.604944,736.9102811,,,0,1,9876,13682,1441
4,100000,5,SHARED,0,1,0.25,0.25,25000,cascade,,,97182.1,25000,0.0,0.0832226,,,0,25000,0,0,0
4,100000,5,SHARED,0,1,0.25,0.25,25000,greedy,,,49629.681899,11858,0.525701,0.7786401,,,0,1,11857,11854,1288
4,100000,5,SHARED,0,1,0.25,0.25,25000,downstream_k1,1.0,1,46729.784338,10078,0.596904,692.6620915,,,0,1,10077,13463,1459
5,100000,5,SHARED,0,1,0.25,0.25,25000,cascade,,,97796.2,25000,0.0,0.0833454,,,0,25000,0,0,0
5,100000,5,SHARED,0,1,0.25,0.25,25000,greedy,,,49202.392633,11603,0.535901,0.795359,,,0,1,11602,12021,1376
5,100000,5,SHARED,0,1,0.25,0.25,25000,downstream_k1,1.0,1,46449.81187,9908,0.603704,698.0053392,,,0,1,9907,13606,1486
1,100000,5,SHARED,0,1,0.5,0.5,50000,cascade,,,164938.5,50000,0.0,0.158249,,,0,50000,0,0,0
1,100000,5,SHARED,0,1,0.5,0.5,50000,greedy,,,96712.036796,30654,0.386928,1.172402,,,0,1,30653,17504,1842
1,100000,5,SHARED,0,1,0.5,0.5,50000,downstream_k1,1.0,1,92160.654645,27238,0.455249,1459.6281887,,,0,1,27237,20621,2141
2,100000,5,SHARED,0,1,0.5,0.5,50000,cascade,,,165112.2,50000,0.0,0.1456323,,,0,50000,0,0,0
2,100000,5,SHARED,0,1,0.5,0.5,50000,greedy,,,96251.004843,30567,0.388668,1.1599375,,,0,1,30566,17558,1875
2,100000,5,SHARED,0,1,0.5,0.5,50000,downstream_k1,1.0,1,90957.051567,26726,0.465489,1496.4876633,,,0,1,26725,21053,2221
3,100000,5,SHARED,0,1,0.5,0.5,50000,cascade,,,164916.8,50000,0.0,0.1549428,,,0,50000,0,0,0
3,100000,5,SHARED,0,1,0.5,0.5,50000,greedy,,,96462.614016,30572,0.388568,1.1559715,,,0,1,30571,17561,1867
3,100000,5,SHARED,0,1,0.5,0.5,50000,downstream_k1,1.0,1,91550.88648,26997,0.460069,1494.5078626,,,0,1,26996,20809,2194
4,100000,5,SHARED,0,1,0.5,0.5,50000,cascade,,,164513.8,50000,0.0,0.1524297,,,0,50000,0,0,0
4,100000,5,SHARED,0,1,0.5,0.5,50000,greedy,,,96854.768868,30767,0.384668,1.1848337,,,0,1,30766,17327,1906
4,100000,5,SHARED,0,1,0.5,0.5,50000,downstream_k1,1.0,1,92067.25199,27199,0.456029,1573.4444012,,,0,1,27198,20550,2251
5,100000,5,SHARED,0,1,0.5,0.5,50000,cascade,,,165043.9,50000,0.0,0.1573535,,,0,50000,0,0,0
5,100000,5,SHARED,0,1,0.5,0.5,50000,greedy,,,96289.474816,30460,0.390808,1.1576623,,,0,1,30459,17580,1960
5,100000,5,SHARED,0,1,0.5,0.5,50000,downstream_k1,1.0,1,91484.966253,26962,0.460769,1661.7858345,,,0,1,26961,20800,2238
1,100000,5,ADVERSARIAL,1,1,0.1,0.1,10000,cascade,,,53609.2,10000,0.0,0.0424208,,,0,10000,0,0,0
1,100000,5,ADVERSARIAL,1,1,0.1,0.1,10000,greedy,,,20182.230714,4177,0.582358,0.5972643,,,0,1,4176,5327,496
1,100000,5,ADVERSARIAL,1,1,0.1,0.1,10000,downstream_k1,1.0,1,15899.666294,2720,0.728073,424.3385946,,,0,1,2719,6660,620
2,100000,5,ADVERSARIAL,1,1,0.1,0.1,10000,cascade,,,53885.15,10000,0.0,0.0402285,,,0,10000,0,0,0
2,100000,5,ADVERSARIAL,1,1,0.1,0.1,10000,greedy,,,19790.888892,4094,0.590659,0.6482797,,,0,1,4093,5386,520
2,100000,5,ADVERSARIAL,1,1,0.1,0.1,10000,downstream_k1,1.0,1,15278.782817,2564,0.743674,437.3901836,,,0,1,2563,6776,660
3,100000,5,ADVERSARIAL,1,1,0.1,0.1,10000,cascade,,,53799.1,10000,0.0,0.0423563,,,0,10000,0,0,0
3,100000,5,ADVERSARIAL,1,1,0.1,0.1,10000,greedy,,,19891.835301,4161,0.583958,0.6130624,,,0,1,4160,5297,542
3,100000,5,ADVERSARIAL,1,1,0.1,0.1,10000,downstream_k1,1.0,1,15898.741815,2760,0.724072,432.5492176,,,0,1,2759,6569,671
4,100000,5,ADVERSARIAL,1,1,0.1,0.1,10000,cascade,,,53432.9,10000,0.0,0.0483124,,,0,10000,0,0,0
4,100000,5,ADVERSARIAL,1,1,0.1,0.1,10000,greedy,,,19823.106911,4161,0.583958,0.6323276,,,0,1,4160,5307,532
4,100000,5,ADVERSARIAL,1,1,0.1,0.1,10000,downstream_k1,1.0,1,15539.38027,2688,0.731273,334.3023153,,,0,1,2687,6635,677
5,100000,5,ADVERSARIAL,1,1,0.1,0.1,10000,cascade,,,54228.5,10000,0.0,0.0393094,,,0,10000,0,0,0
5,100000,5,ADVERSARIAL,1,1,0.1,0.1,10000,greedy,,,19514.651437,3979,0.60216,0.6381174,,,0,1,3978,5494,527
5,100000,5,ADVERSARIAL,1,1,0.1,0.1,10000,downstream_k1,1.0,1,15389.129454,2586,0.741474,325.0825737,,,0,1,2585,6748,666
1,100000,5,ADVERSARIAL,1,1,0.25,0.25,25000,cascade,,,134509.05,25000,0.0,0.1005783,,,0,25000,0,0,0
1,100000,5,ADVERSARIAL,1,1,0.25,0.25,25000,greedy,,,41708.367556,8574,0.657066,1.0634759,,,0,1,8573,14909,1517
1,100000,5,ADVERSARIAL,1,1,0.25,0.25,25000,downstream_k1,1.0,1,34291.958662,5912,0.763551,1740.8308715,,,0,1,5911,17351,1737
2,100000,5,ADVERSARIAL,1,1,0.25,0.25,25000,cascade,,,134773.9,25000,0.0,0.1095111,,,0,25000,0,0,0
2,100000,5,ADVERSARIAL,1,1,0.25,0.25,25000,greedy,,,41417.763698,8515,0.659426,1.1513196,,,0,1,8514,15035,1450
2,100000,5,ADVERSARIAL,1,1,0.25,0.25,25000,downstream_k1,1.0,1,33846.839649,5771,0.769191,730.746195,,,0,1,5770,17537,1692
3,100000,5,ADVERSARIAL,1,1,0.25,0.25,25000,cascade,,,134384.75,25000,0.0,0.0761445,,,0,25000,0,0,0
3,100000,5,ADVERSARIAL,1,1,0.25,0.25,25000,greedy,,,41336.749514,8574,0.657066,0.6460441,,,0,1,8573,14897,1529
3,100000,5,ADVERSARIAL,1,1,0.25,0.25,25000,downstream_k1,1.0,1,34492.473357,6024,0.75907,672.6283026,,,0,1,6023,17193,1783
4,100000,5,ADVERSARIAL,1,1,0.25,0.25,25000,cascade,,,134381.5,25000,0.0,0.1174175,,,0,25000,0,0,0
4,100000,5,ADVERSARIAL,1,1,0.25,0.25,25000,greedy,,,42009.798873,8658,0.653706,1.1850659,,,0,1,8657,14836,1506
4,100000,5,ADVERSARIAL,1,1,0.25,0.25,25000,downstream_k1,1.0,1,34492.955812,5970,0.76123,1378.5092458,,,0,1,5969,17269,1761
5,100000,5,ADVERSARIAL,1,1,0.25,0.25,25000,cascade,,,134975.85,25000,0.0,0.0800739,,,0,25000,0,0,0
5,100000,5,ADVERSARIAL,1,1,0.25,0.25,25000,greedy,,,40901.838104,8375,0.665027,1.171766,,,0,1,8374,15096,1529
5,100000,5,ADVERSARIAL,1,1,0.25,0.25,25000,downstream_k1,1.0,1,33833.428833,5790,0.768431,1410.4966793,,,0,1,5789,17447,1763
1,100000,5,ADVERSARIAL,1,1,0.5,0.5,50000,cascade,,,232062.15,50000,0.0,0.1637056,,,0,50000,0,0,0
1,100000,5,ADVERSARIAL,1,1,0.5,0.5,50000,greedy,,,81956.516022,21320,0.573611,1.1370312,,,0,1,21319,26071,2609
1,100000,5,ADVERSARIAL,1,1,0.5,0.5,50000,downstream_k1,1.0,1,65906.477469,14836,0.703294,1646.8695534,,,0,1,14835,31951,3213
2,100000,5,ADVERSARIAL,1,1,0.5,0.5,50000,cascade,,,231751.3,50000,0.0,0.0635575,,,0,50000,0,0,0
2,100000,5,ADVERSARIAL,1,1,0.5,0.5,50000,greedy,,,81281.315072,21235,0.575312,0.4870411,,,0,1,21234,26234,2531
2,100000,5,ADVERSARIAL,1,1,0.5,0.5,50000,downstream_k1,1.0,1,64972.757653,14708,0.705854,769.9295688,,,0,1,14707,32160,3132
3,100000,5,ADVERSARIAL,1,1,0.5,0.5,50000,cascade,,,232186.5,50000,0.0,0.1078471,,,0,50000,0,0,0
3,100000,5,ADVERSARIAL,1,1,0.5,0.5,50000,greedy,,,80886.629442,21081,0.578392,0.9689318,,,0,1,21080,26317,2602
3,100000,5,ADVERSARIAL,1,1,0.5,0.5,50000,downstream_k1,1.0,1,65447.801169,14671,0.706594,1569.4238216,,,0,1,14670,32124,3205
4,100000,5,ADVERSARIAL,1,1,0.5,0.5,50000,cascade,,,231666.75,50000,0.0,0.2241233,,,0,50000,0,0,0
4,100000,5,ADVERSARIAL,1,1,0.5,0.5,50000,greedy,,,81282.029075,21167,0.576672,1.6763708,,,0,1,21166,26183,2650
4,100000,5,ADVERSARIAL,1,1,0.5,0.5,50000,downstream_k1,1.0,1,65070.591434,14681,0.706394,2807.0821654,,,0,1,14680,32082,3237
5,100000,5,ADVERSARIAL,1,1,0.5,0.5,50000,cascade,,,232386.6,50000,0.0,0.2395969,,,0,50000,0,0,0
5,100000,5,ADVERSARIAL,1,1,0.5,0.5,50000,greedy,,,80092.88715,20784,0.584332,1.5845914,,,0,1,20783,26601,2615
5,100000,5,ADVERSARIAL,1,1,0.5,0.5,50000,downstream_k1,1.0,1,64581.267008,14446,0.711094,2869.0389964,,,0,1,14445,32349,3205
