n,family,fraction,seed,affected,status,ilp_time,optimal,greedy_cost,greedy_time
1000,LOCAL,0.1,1,100,OPTIMAL,0.043,95.5819,95.5819,0.0013
1000,LOCAL,0.1,2,100,OPTIMAL,0.029,95.8863,95.8863,0.0018
1000,LOCAL,0.1,3,100,OPTIMAL,0.015,97.06,97.06,0.0006
1000,LOCAL,0.1,4,100,OPTIMAL,0.029,95.5605,95.5605,0.0012
1000,LOCAL,0.1,5,100,OPTIMAL,0.028,98.1454,98.1454,0.0017
1000,LOCAL,0.25,1,250,OPTIMAL,0.045,238.7976,238.7976,0.002
1000,LOCAL,0.25,2,250,OPTIMAL,0.032,239.7725,240.4195,0.0009
1000,LOCAL,0.25,3,250,OPTIMAL,0.035,242.1953,242.8128,0.0015
1000,LOCAL,0.25,4,250,OPTIMAL,0.049,237.3378,238.279,0.0016
1000,LOCAL,0.25,5,250,OPTIMAL,0.033,243.0853,243.2038,0.0018
1000,LOCAL,0.5,1,500,OPTIMAL,0.048,476.0144,476.6105,0.0013
1000,LOCAL,0.5,2,500,OPTIMAL,0.07,476.3037,477.9621,0.0034
1000,LOCAL,0.5,3,500,OPTIMAL,0.056,480.693,482.3603,0.0013
1000,LOCAL,0.5,4,500,OPTIMAL,0.052,475.3109,476.7093,0.0019
1000,LOCAL,0.5,5,500,OPTIMAL,0.037,481.0344,481.7479,0.0015
1000,SHARED,0.1,1,100,OPTIMAL,0.025,146.7339,182.5869,0.0008
1000,SHARED,0.1,2,100,OPTIMAL,0.025,252.9326,260.5191,0.0019
1000,SHARED,0.1,3,100,OPTIMAL,0.03,228.2238,244.2893,0.0016
1000,SHARED,0.1,4,100,OPTIMAL,0.015,198.6872,229.5569,0.001
1000,SHARED,0.1,5,100,OPTIMAL,0.024,204.012,216.8882,0.0009
1000,SHARED,0.25,1,250,OPTIMAL,0.043,404.4096,441.2439,0.0021
1000,SHARED,0.25,2,250,OPTIMAL,0.04,492.3099,504.8171,0.0012
1000,SHARED,0.25,3,250,OPTIMAL,0.042,534.2731,550.3386,0.0016
1000,SHARED,0.25,4,250,OPTIMAL,0.036,469.319,523.7632,0.0028
1000,SHARED,0.25,5,250,OPTIMAL,0.023,443.8917,465.8842,0.0012
1000,SHARED,0.5,1,500,OPTIMAL,0.071,845.8481,913.3394,0.0042
1000,SHARED,0.5,2,500,OPTIMAL,0.059,939.9237,958.5144,0.0017
1000,SHARED,0.5,3,500,OPTIMAL,0.071,1018.5405,1043.108,0.0037
1000,SHARED,0.5,4,500,OPTIMAL,0.053,923.9633,1001.6521,0.0039
1000,SHARED,0.5,5,500,OPTIMAL,0.054,908.1632,937.3569,0.0016
1000,ADVERSARIAL,0.1,1,100,OPTIMAL,0.025,98.8487,125.7046,0.001
1000,ADVERSARIAL,0.1,2,100,OPTIMAL,0.031,191.2314,243.9075,0.0013
1000,ADVERSARIAL,0.1,3,100,OPTIMAL,0.024,163.509,178.0015,0.001
1000,ADVERSARIAL,0.1,4,100,OPTIMAL,0.022,167.7062,232.7666,0.0018
1000,ADVERSARIAL,0.1,5,100,OPTIMAL,0.026,130.3627,205.9254,0.0012
1000,ADVERSARIAL,0.25,1,250,OPTIMAL,0.045,259.9925,347.3853,0.0012
1000,ADVERSARIAL,0.25,2,250,OPTIMAL,0.035,353.0572,466.4983,0.0012
1000,ADVERSARIAL,0.25,3,250,OPTIMAL,0.03,344.4026,411.4705,0.0012
1000,ADVERSARIAL,0.25,4,250,OPTIMAL,0.03,352.7472,463.4196,0.0013
1000,ADVERSARIAL,0.25,5,250,OPTIMAL,0.042,280.1804,439.4159,0.0032
1000,ADVERSARIAL,0.5,1,500,OPTIMAL,0.086,519.337,761.0784,0.0053
1000,ADVERSARIAL,0.5,2,500,OPTIMAL,0.061,758.4051,969.8838,0.0016
1000,ADVERSARIAL,0.5,3,500,OPTIMAL,0.087,659.3996,870.9217,0.0025
1000,ADVERSARIAL,0.5,4,500,OPTIMAL,0.077,685.9103,920.5336,0.0022
1000,ADVERSARIAL,0.5,5,500,OPTIMAL,0.078,550.9181,874.3684,0.0016
5000,LOCAL,0.1,1,500,OPTIMAL,0.05,478.4708,479.441,0.0035
5000,LOCAL,0.1,2,500,OPTIMAL,0.066,485.024,485.5477,0.0045
5000,LOCAL,0.1,3,500,OPTIMAL,0.052,485.012,485.0545,0.007
5000,LOCAL,0.1,4,500,OPTIMAL,0.06,483.4553,483.5412,0.0037
5000,LOCAL,0.1,5,500,OPTIMAL,0.111,483.5625,484.7301,0.0136
5000,LOCAL,0.25,1,1250,OPTIMAL,0.273,1200.2882,1203.5549,0.0132
5000,LOCAL,0.25,2,1250,OPTIMAL,0.246,1206.884,1209.4421,0.0108
5000,LOCAL,0.25,3,1250,OPTIMAL,0.188,1202.7088,1206.0354,0.0142
5000,LOCAL,0.25,4,1250,OPTIMAL,0.254,1211.6233,1212.3105,0.0155
5000,LOCAL,0.25,5,1250,OPTIMAL,0.271,1213.0401,1215.2114,0.0118
5000,LOCAL,0.5,1,2500,OPTIMAL,0.444,2386.1996,2391.0578,0.0239
5000,LOCAL,0.5,2,2500,OPTIMAL,0.577,2395.0242,2398.6606,0.0275
5000,LOCAL,0.5,3,2500,OPTIMAL,0.555,2382.228,2386.6123,0.0211
5000,LOCAL,0.5,4,2500,OPTIMAL,0.474,2393.1511,2395.7186,0.022
5000,LOCAL,0.5,5,2500,OPTIMAL,0.365,2396.4507,2400.1288,0.0252
5000,SHARED,0.1,1,500,OPTIMAL,0.169,963.5665,1084.4461,0.0185
5000,SHARED,0.1,2,500,OPTIMAL,0.166,1057.3728,1093.0931,0.0169
5000,SHARED,0.1,3,500,OPTIMAL,0.125,947.0177,1020.1097,0.0091
5000,SHARED,0.1,4,500,OPTIMAL,0.095,1061.7298,1103.1224,0.0078
5000,SHARED,0.1,5,500,OPTIMAL,0.098,901.8327,982.4646,0.0085
5000,SHARED,0.25,1,1250,OPTIMAL,0.231,2347.0783,2544.2546,0.0183
5000,SHARED,0.25,2,1250,OPTIMAL,0.154,2336.4459,2488.6501,0.0148
5000,SHARED,0.25,3,1250,OPTIMAL,0.168,2314.0084,2475.0259,0.0093
5000,SHARED,0.25,4,1250,OPTIMAL,0.102,2313.5262,2452.5448,0.0064
5000,SHARED,0.25,5,1250,OPTIMAL,0.166,2189.7529,2381.2707,0.0093
5000,SHARED,0.5,1,2500,OPTIMAL,0.337,4644.7807,4917.8053,0.0186
5000,SHARED,0.5,2,2500,OPTIMAL,0.285,4520.6657,4757.1827,0.014
5000,SHARED,0.5,3,2500,OPTIMAL,0.421,4582.6463,4860.5456,0.0171
5000,SHARED,0.5,4,2500,OPTIMAL,0.234,4552.472,4783.9762,0.0166
5000,SHARED,0.5,5,2500,OPTIMAL,0.29,4322.6635,4647.7461,0.0111
5000,ADVERSARIAL,0.1,1,500,OPTIMAL,0.061,707.7581,970.89,0.0041
5000,ADVERSARIAL,0.1,2,500,OPTIMAL,0.089,729.1619,1013.1098,0.0066
5000,ADVERSARIAL,0.1,3,500,OPTIMAL,0.088,796.0822,1017.9269,0.0045
5000,ADVERSARIAL,0.1,4,500,OPTIMAL,0.099,765.865,1005.0369,0.0108
5000,ADVERSARIAL,0.1,5,500,OPTIMAL,0.075,685.6924,891.6538,0.0084
5000,ADVERSARIAL,0.25,1,1250,OPTIMAL,0.115,1684.9345,2164.4899,0.0058
5000,ADVERSARIAL,0.25,2,1250,OPTIMAL,0.114,1677.1128,2174.5069,0.0117
5000,ADVERSARIAL,0.25,3,1250,OPTIMAL,0.127,1706.5349,2060.0677,0.0099
5000,ADVERSARIAL,0.25,4,1250,OPTIMAL,0.1,1692.4704,2082.8568,0.0067
5000,ADVERSARIAL,0.25,5,1250,OPTIMAL,0.116,1559.866,1905.2594,0.0065
5000,ADVERSARIAL,0.5,1,2500,OPTIMAL,0.334,3235.1242,4256.6398,0.0182
5000,ADVERSARIAL,0.5,2,2500,OPTIMAL,0.361,3144.0555,4145.0572,0.0094
5000,ADVERSARIAL,0.5,3,2500,OPTIMAL,0.27,3321.6673,4142.3547,0.0099
5000,ADVERSARIAL,0.5,4,2500,OPTIMAL,0.266,3122.9246,4000.0632,0.0085
5000,ADVERSARIAL,0.5,5,2500,OPTIMAL,0.281,3006.099,3830.3306,0.0098
10000,LOCAL,0.1,1,1000,OPTIMAL,0.124,966.5159,967.7203,0.0097
10000,LOCAL,0.1,2,1000,OPTIMAL,0.113,964.7663,966.0684,0.0122
10000,LOCAL,0.1,3,1000,OPTIMAL,0.118,962.5304,964.4324,0.0174
10000,LOCAL,0.1,4,1000,OPTIMAL,0.088,962.9767,964.989,0.0091
10000,LOCAL,0.1,5,1000,OPTIMAL,0.087,958.129,960.728,0.0082
10000,LOCAL,0.25,1,2500,OPTIMAL,0.198,2418.4213,2421.8601,0.0146
10000,LOCAL,0.25,2,2500,OPTIMAL,0.198,2412.5739,2419.3332,0.0132
10000,LOCAL,0.25,3,2500,OPTIMAL,0.192,2414.879,2418.9555,0.0136
10000,LOCAL,0.25,4,2500,OPTIMAL,0.172,2409.9922,2414.0392,0.0117
10000,LOCAL,0.25,5,2500,OPTIMAL,0.174,2415.1714,2420.807,0.0129
10000,LOCAL,0.5,1,5000,OPTIMAL,0.367,4783.457,4792.5488,0.0218
10000,LOCAL,0.5,2,5000,OPTIMAL,0.455,4781.9992,4791.3281,0.0164
10000,LOCAL,0.5,3,5000,OPTIMAL,0.382,4775.0021,4782.4904,0.0256
10000,LOCAL,0.5,4,5000,OPTIMAL,0.538,4775.0822,4782.966,0.0372
10000,LOCAL,0.5,5,5000,OPTIMAL,0.332,4788.5812,4796.6204,0.0296
10000,SHARED,0.1,1,1000,OPTIMAL,0.104,2000.9193,2166.1549,0.023
10000,SHARED,0.1,2,1000,OPTIMAL,0.116,1962.7,2100.6512,0.0151
10000,SHARED,0.1,3,1000,OPTIMAL,0.16,2067.8919,2166.6575,0.0235
10000,SHARED,0.1,4,1000,OPTIMAL,0.165,2052.0158,2191.0856,0.0254
10000,SHARED,0.1,5,1000,OPTIMAL,0.182,1993.2481,2105.9007,0.0304
10000,SHARED,0.25,1,2500,OPTIMAL,0.323,4705.4072,4997.6484,0.0263
10000,SHARED,0.25,2,2500,OPTIMAL,0.238,4594.2472,4879.137,0.023
10000,SHARED,0.25,3,2500,OPTIMAL,0.234,4682.3818,4936.2164,0.0174
10000,SHARED,0.25,4,2500,OPTIMAL,0.219,4572.6064,4895.9841,0.0161
10000,SHARED,0.25,5,2500,OPTIMAL,0.315,4550.1271,4840.2567,0.0163
10000,SHARED,0.5,1,5000,OPTIMAL,0.653,9505.8194,9971.445,0.05
10000,SHARED,0.5,2,5000,OPTIMAL,0.634,9030.4954,9547.6711,0.0322
10000,SHARED,0.5,3,5000,OPTIMAL,0.666,9224.3099,9684.3385,0.0204
10000,SHARED,0.5,4,5000,OPTIMAL,0.468,9017.6812,9570.3324,0.0237
10000,SHARED,0.5,5,5000,OPTIMAL,0.837,8959.2637,9475.5912,0.0334
10000,ADVERSARIAL,0.1,1,1000,OPTIMAL,0.169,1607.0237,1979.1081,0.0232
10000,ADVERSARIAL,0.1,2,1000,OPTIMAL,0.111,1460.2812,1956.2411,0.0114
10000,ADVERSARIAL,0.1,3,1000,OPTIMAL,0.187,1607.3373,2053.0097,0.0241
10000,ADVERSARIAL,0.1,4,1000,OPTIMAL,0.115,1473.0375,2043.9484,0.0128
10000,ADVERSARIAL,0.1,5,1000,OPTIMAL,0.119,1640.9802,2076.0312,0.0187
10000,ADVERSARIAL,0.25,1,2500,OPTIMAL,0.244,3440.8411,4195.2989,0.0275
10000,ADVERSARIAL,0.25,2,2500,OPTIMAL,0.406,3179.0894,4025.8883,0.0337
10000,ADVERSARIAL,0.25,3,2500,OPTIMAL,0.747,3368.0932,4169.2588,0.0446
10000,ADVERSARIAL,0.25,4,2500,OPTIMAL,0.646,3224.3038,4190.0706,0.0263
10000,ADVERSARIAL,0.25,5,2500,OPTIMAL,0.698,3438.9516,4313.0141,0.0528
10000,ADVERSARIAL,0.5,1,5000,OPTIMAL,1.374,6665.5902,8436.5696,0.0734
10000,ADVERSARIAL,0.5,2,5000,OPTIMAL,1.616,6131.406,7997.1686,0.0724
10000,ADVERSARIAL,0.5,3,5000,OPTIMAL,1.338,6559.4227,8310.3579,0.0832
10000,ADVERSARIAL,0.5,4,5000,OPTIMAL,1.671,6203.8134,8240.2545,0.0613
10000,ADVERSARIAL,0.5,5,5000,OPTIMAL,1.636,6526.6269,8359.9782,0.0706
50000,LOCAL,0.1,1,5000,OPTIMAL,0.586,4806.7044,4816.8009,0.0778
50000,LOCAL,0.1,2,5000,OPTIMAL,1.0,4820.8338,4829.4735,0.2061
50000,LOCAL,0.1,3,5000,OPTIMAL,1.267,4829.6567,4839.019,0.1706
50000,LOCAL,0.1,4,5000,OPTIMAL,1.633,4806.583,4817.4262,0.209
50000,LOCAL,0.1,5,5000,OPTIMAL,1.411,4813.9677,4825.0801,0.1903
50000,LOCAL,0.25,1,12500,OPTIMAL,2.934,12030.0432,12055.3727,0.2381
50000,LOCAL,0.25,2,12500,OPTIMAL,3.347,12068.5823,12090.0736,0.2865
50000,LOCAL,0.25,3,12500,OPTIMAL,3.274,12070.3246,12094.4704,0.2785
50000,LOCAL,0.25,4,12500,OPTIMAL,3.401,12046.4309,12076.9735,0.2844
50000,LOCAL,0.25,5,12500,OPTIMAL,3.45,12057.7467,12087.228,0.2865
50000,LOCAL,0.5,1,25000,OPTIMAL,6.539,23863.8897,23902.8979,0.4076
50000,LOCAL,0.5,2,25000,OPTIMAL,6.661,23878.8742,23916.5455,0.4346
50000,LOCAL,0.5,3,25000,OPTIMAL,6.952,23889.5804,23930.2071,0.4016
50000,LOCAL,0.5,4,25000,OPTIMAL,7.272,23858.4335,23909.722,0.4202
50000,LOCAL,0.5,5,25000,OPTIMAL,6.479,23896.762,23940.7948,0.4182
50000,SHARED,0.1,1,5000,OPTIMAL,1.848,9870.3066,10597.1987,0.2654
50000,SHARED,0.1,2,5000,OPTIMAL,1.883,9950.2716,10741.758,0.2107
50000,SHARED,0.1,3,5000,OPTIMAL,1.987,9878.6407,10502.493,0.2739
50000,SHARED,0.1,4,5000,OPTIMAL,1.996,9927.3243,10651.9339,0.2234
50000,SHARED,0.1,5,5000,OPTIMAL,1.76,9718.3475,10435.8082,0.2947
50000,SHARED,0.25,1,12500,OPTIMAL,4.401,22793.4215,24256.1969,0.3363
50000,SHARED,0.25,2,12500,OPTIMAL,4.324,23245.2703,24843.4752,0.349
50000,SHARED,0.25,3,12500,OPTIMAL,4.402,23311.4924,24685.8837,0.3506
50000,SHARED,0.25,4,12500,OPTIMAL,4.142,23155.2489,24569.5478,0.3623
50000,SHARED,0.25,5,12500,OPTIMAL,4.335,22500.5224,23969.8229,0.363
50000,SHARED,0.5,1,25000,OPTIMAL,9.83,45007.6536,47590.1899,0.4805
50000,SHARED,0.5,2,25000,OPTIMAL,9.678,45947.1993,48673.8676,0.5057
50000,SHARED,0.5,3,25000,OPTIMAL,10.33,46007.7604,48470.5815,0.5211
50000,SHARED,0.5,4,25000,OPTIMAL,9.773,45743.7617,48284.7007,0.4661
50000,SHARED,0.5,5,25000,OPTIMAL,9.712,44998.4683,47672.3739,0.5246
50000,ADVERSARIAL,0.1,1,5000,OPTIMAL,2.008,7240.4637,9633.7557,0.2732
50000,ADVERSARIAL,0.1,2,5000,OPTIMAL,2.005,7565.4955,10269.3767,0.2783
50000,ADVERSARIAL,0.1,3,5000,OPTIMAL,1.896,7611.4625,9914.0219,0.2669
50000,ADVERSARIAL,0.1,4,5000,OPTIMAL,1.711,8236.0859,10313.608,0.2456
50000,ADVERSARIAL,0.1,5,5000,OPTIMAL,1.836,7225.512,9603.5481,0.2593
50000,ADVERSARIAL,0.25,1,12500,OPTIMAL,3.665,16214.3761,20005.0696,0.366
50000,ADVERSARIAL,0.25,2,12500,OPTIMAL,3.3,16885.3366,21235.6556,0.3071
50000,ADVERSARIAL,0.25,3,12500,OPTIMAL,3.777,16946.2693,20864.6159,0.346
50000,ADVERSARIAL,0.25,4,12500,OPTIMAL,4.455,17586.446,21119.7508,0.3514
50000,ADVERSARIAL,0.25,5,12500,OPTIMAL,3.829,16248.6401,20219.5488,0.2906
50000,ADVERSARIAL,0.5,1,25000,OPTIMAL,10.652,31495.1164,39692.3028,0.5245
50000,ADVERSARIAL,0.5,2,25000,OPTIMAL,9.191,32291.1688,41665.3821,0.4322
50000,ADVERSARIAL,0.5,3,25000,OPTIMAL,9.23,31917.6199,40717.8578,0.4594
50000,ADVERSARIAL,0.5,4,25000,OPTIMAL,9.323,33268.7157,41768.2762,0.4707
50000,ADVERSARIAL,0.5,5,25000,OPTIMAL,9.115,31194.1108,40025.5662,0.4447
100000,LOCAL,0.1,1,10000,OPTIMAL,2.161,9626.0431,9639.8336,0.345
100000,LOCAL,0.1,2,10000,OPTIMAL,2.639,9618.2787,9637.4143,0.3923
100000,LOCAL,0.1,3,10000,OPTIMAL,2.274,9644.466,9660.1502,0.3789
100000,LOCAL,0.1,4,10000,OPTIMAL,2.136,9645.2939,9662.8785,0.3703
100000,LOCAL,0.1,5,10000,OPTIMAL,3.762,9639.5542,9656.553,0.4961
100000,LOCAL,0.25,1,25000,OPTIMAL,5.951,24108.5141,24151.9397,0.5569
100000,LOCAL,0.25,2,25000,OPTIMAL,5.716,24089.2228,24143.832,0.5232
100000,LOCAL,0.25,3,25000,OPTIMAL,4.388,24177.7834,24225.5963,0.4677
100000,LOCAL,0.25,4,25000,OPTIMAL,5.768,24117.7296,24169.4289,0.3712
100000,LOCAL,0.25,5,25000,OPTIMAL,6.134,24140.816,24188.6482,0.5667
100000,LOCAL,0.5,1,50000,OPTIMAL,12.175,47764.3917,47838.4947,0.7213
100000,LOCAL,0.5,2,50000,OPTIMAL,10.634,47741.3288,47835.0263,0.671
100000,LOCAL,0.5,3,50000,OPTIMAL,10.837,47811.8538,47891.4819,0.6561
100000,LOCAL,0.5,4,50000,OPTIMAL,10.025,47748.7025,47834.8828,0.6969
100000,LOCAL,0.5,5,50000,OPTIMAL,10.301,47756.7978,47839.9425,0.6707
100000,SHARED,0.1,1,10000,OPTIMAL,2.829,19719.4236,21127.8894,0.543
100000,SHARED,0.1,2,10000,OPTIMAL,3.146,19325.2181,21146.7383,0.5266
100000,SHARED,0.1,3,10000,OPTIMAL,2.956,19651.7013,21323.2415,0.5696
100000,SHARED,0.1,4,10000,OPTIMAL,2.899,19580.7748,21219.2649,0.5406
100000,SHARED,0.1,5,10000,OPTIMAL,2.802,19777.2651,21207.6995,0.5194
100000,SHARED,0.25,1,25000,OPTIMAL,9.28,46155.4812,49046.9871,0.8049
100000,SHARED,0.25,2,25000,OPTIMAL,9.232,45683.0837,49081.65,0.8322
100000,SHARED,0.25,3,25000,OPTIMAL,9.037,45751.1778,48851.1623,0.6885
100000,SHARED,0.25,4,25000,OPTIMAL,9.105,46429.7363,49629.6819,0.8124
100000,SHARED,0.25,5,25000,OPTIMAL,9.272,46149.1736,49202.3926,0.8708
100000,SHARED,0.5,1,50000,OPTIMAL,20.557,91735.7139,96712.0368,1.1038
100000,SHARED,0.5,2,50000,OPTIMAL,22.345,90434.9371,96251.0048,1.1486
100000,SHARED,0.5,3,50000,OPTIMAL,20.493,90996.5602,96462.614,1.1203
100000,SHARED,0.5,4,50000,OPTIMAL,20.738,91460.5091,96854.7689,1.0698
100000,SHARED,0.5,5,50000,OPTIMAL,21.46,90985.6955,96289.4748,1.1503
100000,ADVERSARIAL,0.1,1,10000,OPTIMAL,3.936,15205.6543,20182.2307,0.6729
100000,ADVERSARIAL,0.1,2,10000,OPTIMAL,4.345,15069.5067,19790.8889,0.653
100000,ADVERSARIAL,0.1,3,10000,OPTIMAL,4.026,15215.3995,19891.8353,0.6384
100000,ADVERSARIAL,0.1,4,10000,OPTIMAL,4.155,15091.8816,19823.1069,0.6377
100000,ADVERSARIAL,0.1,5,10000,OPTIMAL,4.168,14950.8882,19514.6514,0.6914
100000,ADVERSARIAL,0.25,1,25000,OPTIMAL,8.944,33383.8336,41708.3676,0.8074
100000,ADVERSARIAL,0.25,2,25000,OPTIMAL,9.505,33544.6662,41417.7637,0.6104
100000,ADVERSARIAL,0.25,3,25000,OPTIMAL,9.555,33525.8433,41336.7495,0.8315
100000,ADVERSARIAL,0.25,4,25000,OPTIMAL,9.727,33945.5036,42009.7989,0.8122
100000,ADVERSARIAL,0.25,5,25000,OPTIMAL,8.26,33134.0754,40901.8381,0.6819
100000,ADVERSARIAL,0.5,1,50000,OPTIMAL,20.42,63910.0802,81956.516,0.9616
100000,ADVERSARIAL,0.5,2,50000,OPTIMAL,21.186,63896.8235,81281.3151,1.0681
100000,ADVERSARIAL,0.5,3,50000,OPTIMAL,19.534,63592.4297,80886.6294,0.9247
100000,ADVERSARIAL,0.5,4,50000,OPTIMAL,25.075,63626.9692,81282.0291,0.9246
100000,ADVERSARIAL,0.5,5,50000,OPTIMAL,20.738,63060.5433,80092.8872,1.237
