trap_depth,n,actors,seed,affected,status,ilp_time,optimal,greedy,da1,da2,da3
1,50,3,1,44,OPTIMAL,0.05,39.174421,123.45,39.174421,39.174421,39.174421
1,50,3,2,42,OPTIMAL,0.026,45.315378,116.101694,45.315378,45.315378,45.315378
1,50,3,3,41,OPTIMAL,0.016,40.584785,113.062795,40.584785,40.584785,40.584785
1,50,3,4,44,OPTIMAL,0.02,33.955227,104.739619,33.955227,33.955227,33.955227
1,50,3,5,41,OPTIMAL,0.022,39.193324,95.430867,39.193324,39.193324,39.193324
1,50,3,6,42,OPTIMAL,0.02,33.238654,93.982694,33.238654,33.238654,33.238654
1,50,3,7,43,OPTIMAL,0.023,29.555852,103.975617,29.555852,29.555852,29.555852
1,50,3,8,44,OPTIMAL,0.026,54.585688,109.120852,55.866841,55.866841,55.866841
1,50,3,9,42,OPTIMAL,0.026,37.874993,87.902613,44.137072,44.137072,44.137072
1,50,3,10,44,OPTIMAL,0.026,50.804653,122.861768,50.804653,50.804653,50.804653
1,50,5,1,42,OPTIMAL,0.014,36.284538,110.598979,36.284538,36.284538,36.284538
1,50,5,2,41,OPTIMAL,0.018,27.970168,89.890144,27.970168,27.970168,27.970168
1,50,5,3,41,OPTIMAL,0.02,44.005963,115.97261,44.005963,44.005963,44.005963
1,50,5,4,42,OPTIMAL,0.018,51.148659,112.038171,51.148659,51.148659,51.148659
1,50,5,5,37,OPTIMAL,0.023,29.203687,67.592344,29.203687,29.203687,29.203687
1,50,5,6,41,OPTIMAL,0.014,28.425424,80.94999,28.425424,28.425424,28.425424
1,50,5,7,37,OPTIMAL,0.022,29.520473,78.225682,29.520473,29.520473,29.520473
1,50,5,8,40,OPTIMAL,0.023,46.153417,106.020143,46.153417,46.153417,46.153417
1,50,5,9,43,OPTIMAL,0.012,38.342567,99.828299,38.342567,38.342567,38.342567
1,50,5,10,39,OPTIMAL,0.022,27.720155,81.131916,27.720155,27.720155,27.720155
1,100,3,1,71,OPTIMAL,0.028,89.46765,172.031476,90.715267,90.715267,90.715267
1,100,3,2,73,OPTIMAL,0.022,78.040413,165.104235,83.104137,83.104137,83.104137
1,100,3,3,64,OPTIMAL,0.02,56.489311,96.527619,56.489311,56.489311,56.489311
1,100,3,4,63,OPTIMAL,0.015,88.574318,128.232115,88.574318,88.574318,88.574318
1,100,3,5,66,OPTIMAL,0.018,72.215178,130.030361,72.215178,72.215178,72.215178
1,100,3,6,69,OPTIMAL,0.017,55.519367,142.94587,55.519367,55.519367,55.519367
1,100,3,7,55,OPTIMAL,0.019,48.348104,76.729419,48.348104,48.348104,48.348104
1,100,3,8,64,OPTIMAL,0.023,70.262498,130.041377,70.262498,70.262498,70.262498
1,100,3,9,63,OPTIMAL,0.023,60.702878,92.619718,60.702878,60.702878,60.702878
1,100,3,10,61,OPTIMAL,0.013,68.46197,110.430098,68.46197,68.46197,68.46197
1,100,5,1,57,OPTIMAL,0.017,54.257197,131.226927,54.257197,54.257197,54.257197
1,100,5,2,67,OPTIMAL,0.027,49.221261,118.693282,49.221261,49.221261,49.221261
1,100,5,3,55,OPTIMAL,0.018,45.3295,95.569223,45.3295,45.3295,45.3295
1,100,5,4,53,OPTIMAL,0.026,45.167982,98.201211,45.167982,45.167982,45.167982
1,100,5,5,59,OPTIMAL,0.028,62.373834,100.131304,62.373834,62.373834,62.373834
1,100,5,6,74,OPTIMAL,0.031,57.721945,118.127395,58.890223,58.890223,58.890223
1,100,5,7,64,OPTIMAL,0.025,63.869629,151.37905,63.869629,63.869629,63.869629
1,100,5,8,61,OPTIMAL,0.03,60.626908,123.337144,60.626908,60.626908,60.626908
1,100,5,9,73,OPTIMAL,0.026,117.670532,161.999702,117.670532,117.670532,117.670532
1,100,5,10,71,OPTIMAL,0.028,83.950198,152.768036,84.390831,84.390831,84.390831
1,200,3,1,111,OPTIMAL,0.026,130.523261,199.516898,130.523261,130.523261,130.523261
1,200,3,2,104,OPTIMAL,0.026,84.765199,168.023089,84.765199,84.765199,84.765199
1,200,3,3,88,OPTIMAL,0.027,84.77789,155.106122,84.77789,84.77789,84.77789
1,200,3,4,108,OPTIMAL,0.019,105.599527,150.896414,105.599527,105.599527,105.599527
1,200,3,5,95,OPTIMAL,0.025,90.67424,144.359813,90.67424,90.67424,90.67424
1,200,3,6,91,OPTIMAL,0.012,92.487352,146.141185,92.487352,92.487352,92.487352
1,200,3,7,63,OPTIMAL,0.017,57.302624,91.63393,57.302624,57.302624,57.302624
1,200,3,8,105,OPTIMAL,0.023,95.758214,157.706354,95.758214,95.758214,95.758214
1,200,3,9,100,OPTIMAL,0.026,98.728221,144.756829,98.728221,98.728221,98.728221
1,200,3,10,89,OPTIMAL,0.037,76.092053,127.188165,76.092053,76.092053,76.092053
1,200,5,1,95,OPTIMAL,0.033,84.165262,163.93509,84.165262,84.165262,84.165262
1,200,5,2,85,OPTIMAL,0.026,77.895081,123.889005,77.895081,77.895081,77.895081
1,200,5,3,106,OPTIMAL,0.021,106.456849,171.465445,106.456849,106.456849,106.456849
1,200,5,4,100,OPTIMAL,0.033,102.746782,195.664655,102.746782,102.746782,102.746782
1,200,5,5,88,OPTIMAL,0.018,69.333249,107.075658,69.333249,69.333249,69.333249
1,200,5,6,91,OPTIMAL,0.021,92.689716,138.524606,92.689716,92.689716,92.689716
1,200,5,7,81,OPTIMAL,0.027,68.463177,109.758834,69.78891,69.78891,69.78891
1,200,5,8,124,OPTIMAL,0.032,109.650186,225.035479,109.650186,109.650186,109.650186
1,200,5,9,105,OPTIMAL,0.03,125.858977,198.067304,126.484175,126.484175,126.484175
1,200,5,10,82,OPTIMAL,0.023,72.676541,135.599239,72.676541,72.676541,72.676541
2,50,3,1,44,OPTIMAL,0.015,36.214286,107.15,62.11193,36.214286,36.214286
2,50,3,2,44,OPTIMAL,0.016,44.090942,107.101694,73.584307,44.090942,44.090942
2,50,3,3,44,OPTIMAL,0.02,33.404032,100.462795,68.956246,33.404032,33.404032
2,50,3,4,44,OPTIMAL,0.016,27.291887,89.139619,62.331617,27.291887,27.291887
2,50,3,5,44,OPTIMAL,0.018,38.227719,98.95,78.69924,38.227719,38.227719
2,50,3,6,44,OPTIMAL,0.03,29.690992,93.838401,63.144236,29.690992,29.690992
2,50,3,7,44,OPTIMAL,0.022,27.489513,92.85,60.289199,27.489513,27.489513
2,50,3,8,44,OPTIMAL,0.017,35.723116,85.920852,64.624749,35.823943,35.823943
2,50,3,9,44,OPTIMAL,0.019,31.859938,86.746393,71.938117,38.122017,38.122017
2,50,3,10,44,OPTIMAL,0.035,39.091637,105.861768,92.072274,39.091637,39.091637
2,50,5,1,44,OPTIMAL,0.017,31.779906,107.15,69.11083,31.779906,31.779906
2,50,5,2,44,OPTIMAL,0.018,27.536202,88.75,64.478947,27.536202,27.536202
2,50,5,3,44,OPTIMAL,0.029,32.667078,111.75,85.270368,32.667078,32.667078
2,50,5,4,44,OPTIMAL,0.017,46.316719,105.865452,68.202322,46.316719,46.316719
2,50,5,5,43,OPTIMAL,0.013,30.833686,86.241187,66.139424,30.833686,30.833686
2,50,5,6,44,OPTIMAL,0.03,28.028481,75.818473,56.276898,28.028481,28.028481
2,50,5,7,44,OPTIMAL,0.022,26.938114,81.649135,53.210578,26.938114,26.938114
2,50,5,8,44,OPTIMAL,0.024,43.033488,107.944818,80.688104,43.033488,43.033488
2,50,5,9,44,OPTIMAL,0.027,31.324916,92.810649,57.774908,31.324916,31.324916
2,50,5,10,44,OPTIMAL,0.029,29.133916,81.911513,54.528269,29.133916,29.133916
2,100,3,1,79,OPTIMAL,0.022,92.515704,182.431882,153.560347,93.763321,93.763321
2,100,3,2,80,OPTIMAL,0.041,80.454596,193.716566,165.74368,83.711412,83.711412
2,100,3,3,73,OPTIMAL,0.031,59.875482,132.293406,132.293406,59.875482,59.875482
2,100,3,4,70,OPTIMAL,0.041,70.639757,137.678254,126.489215,70.639757,70.639757
2,100,3,5,79,OPTIMAL,0.028,90.71295,166.151001,112.968651,90.71295,90.71295
2,100,3,6,78,OPTIMAL,0.036,62.256798,162.37903,98.643251,62.256798,62.256798
2,100,3,7,62,OPTIMAL,0.043,50.687538,84.682564,68.158165,50.687538,50.687538
2,100,3,8,69,OPTIMAL,0.034,71.375152,135.026222,85.800483,71.375152,71.375152
2,100,3,9,72,OPTIMAL,0.035,64.690423,128.017023,128.017023,64.690423,64.690423
2,100,3,10,69,OPTIMAL,0.048,57.820686,122.061006,107.915976,57.820686,57.820686
2,100,5,1,66,OPTIMAL,0.034,58.111761,146.194659,73.504201,58.111761,58.111761
2,100,5,2,75,OPTIMAL,0.044,52.421814,150.412544,66.797025,52.421814,52.421814
2,100,5,3,76,OPTIMAL,0.039,57.152278,155.45437,130.899709,57.152278,57.152278
2,100,5,4,69,OPTIMAL,0.041,61.579242,161.165231,120.612664,62.874309,62.874309
2,100,5,5,66,OPTIMAL,0.041,64.597404,122.903182,122.030728,64.597404,64.597404
2,100,5,6,77,OPTIMAL,0.04,57.207483,143.93837,115.017011,58.375761,58.375761
2,100,5,7,69,OPTIMAL,0.043,64.869629,158.04618,96.319021,64.869629,64.869629
2,100,5,8,70,OPTIMAL,0.048,64.146968,139.941472,111.950675,64.146968,64.146968
2,100,5,9,78,OPTIMAL,0.034,86.31594,158.746426,99.561256,87.991396,87.991396
2,100,5,10,80,OPTIMAL,0.031,87.891356,168.676949,94.543193,88.331989,88.331989
2,200,3,1,119,OPTIMAL,0.032,128.410848,215.455865,140.64798,128.410848,128.410848
2,200,3,2,118,OPTIMAL,0.039,92.369832,211.777738,105.577431,92.369832,92.369832
2,200,3,3,97,OPTIMAL,0.039,89.236739,159.564971,135.051987,89.236739,89.236739
2,200,3,4,117,OPTIMAL,0.039,87.330878,148.39858,87.330878,87.330878,87.330878
2,200,3,5,104,OPTIMAL,0.031,84.980606,146.612283,132.305602,84.980606,84.980606
2,200,3,6,99,OPTIMAL,0.038,91.703049,156.341185,133.066023,91.703049,91.703049
2,200,3,7,83,OPTIMAL,0.034,71.767653,118.053575,104.792094,71.767653,71.767653
2,200,3,8,118,OPTIMAL,0.05,95.962063,183.706073,128.889526,95.962063,95.962063
2,200,3,9,116,OPTIMAL,0.055,121.147455,197.662142,168.737056,121.147455,121.147455
2,200,3,10,99,OPTIMAL,0.036,76.860427,143.834883,85.002556,76.860427,76.860427
2,200,5,1,118,OPTIMAL,0.038,100.051728,192.200406,163.120841,100.051728,100.051728
2,200,5,2,103,OPTIMAL,0.054,88.886923,164.238994,107.592389,88.886923,88.886923
2,200,5,3,114,OPTIMAL,0.056,109.594546,182.298385,143.074199,109.594546,109.594546
2,200,5,4,110,OPTIMAL,0.048,101.553458,231.170598,127.055338,101.553458,101.553458
2,200,5,5,107,OPTIMAL,0.044,80.01172,133.197283,109.810566,80.01172,80.01172
2,200,5,6,105,OPTIMAL,0.032,104.141357,163.751926,122.194171,107.576503,107.576503
2,200,5,7,92,OPTIMAL,0.043,75.388588,131.893406,100.386258,76.714321,76.714321
2,200,5,8,134,OPTIMAL,0.03,114.243663,249.912538,172.621836,114.243663,114.243663
2,200,5,9,114,OPTIMAL,0.047,129.317619,203.568084,151.002077,129.942817,129.942817
2,200,5,10,116,OPTIMAL,0.044,100.303341,180.586816,128.111711,100.303341,100.303341
3,50,3,1,44,OPTIMAL,0.019,33.18192,84.65,59.533811,59.533811,33.18192
3,50,3,2,44,OPTIMAL,0.019,38.747777,90.75,77.201527,59.513562,38.747777
3,50,3,3,44,OPTIMAL,0.03,30.745308,85.95,65.038691,65.038691,30.745308
3,50,3,4,44,OPTIMAL,0.029,24.35013,79.85,80.35,44.48559,24.35013
3,50,3,5,44,OPTIMAL,0.027,31.139766,81.25,75.387897,60.86321,31.139766
3,50,3,6,44,OPTIMAL,0.018,27.344236,79.638401,66.641973,40.852511,27.344236
3,50,3,7,44,OPTIMAL,0.014,25.021769,75.15,68.616832,37.613219,25.021769
3,50,3,8,44,OPTIMAL,0.018,33.337816,77.820852,68.062939,56.524749,33.337816
3,50,3,9,44,OPTIMAL,0.018,25.278304,72.411591,65.878017,44.777555,25.278304
3,50,3,10,44,OPTIMAL,0.016,36.013,85.461768,69.18215,46.611046,36.013
3,50,5,1,44,OPTIMAL,0.03,28.868665,90.85,87.55,83.25,28.868665
3,50,5,2,44,OPTIMAL,0.024,25.085766,72.45,64.446333,36.482262,25.085766
3,50,5,3,44,OPTIMAL,0.021,30.077896,91.35,71.906088,60.171181,30.077896
3,50,5,4,44,OPTIMAL,0.03,43.35687,81.965452,76.638171,72.338171,43.35687
3,50,5,5,44,OPTIMAL,0.031,28.842807,79.95,76.830926,59.59866,28.842807
3,50,5,6,44,OPTIMAL,0.025,25.541785,76.131616,59.435196,59.435196,25.541785
3,50,5,7,44,OPTIMAL,0.027,24.349623,72.078877,68.278877,53.934591,24.349623
3,50,5,8,44,OPTIMAL,0.017,29.922574,92.306898,90.801531,29.922574,29.922574
3,50,5,9,44,OPTIMAL,0.03,26.381687,80.874712,63.513483,30.181687,26.381687
3,50,5,10,44,OPTIMAL,0.035,26.874548,73.657564,71.413117,51.224922,26.874548
3,100,3,1,84,OPTIMAL,0.051,91.722096,188.867219,136.401443,123.50627,92.969713
3,100,3,2,85,OPTIMAL,0.052,81.454596,194.716566,176.851034,98.63841,84.711412
3,100,3,3,83,OPTIMAL,0.036,64.193077,165.203551,127.983501,73.613677,64.193077
3,100,3,4,81,OPTIMAL,0.046,75.798823,159.023002,116.400078,97.66721,75.798823
3,100,3,5,83,OPTIMAL,0.035,70.355116,163.195265,109.480162,70.355116,70.355116
3,100,3,6,86,OPTIMAL,0.038,65.596667,174.851933,175.351933,114.700213,65.596667
3,100,3,7,75,OPTIMAL,0.044,56.98082,140.556225,87.175847,60.78082,56.98082
3,100,3,8,79,OPTIMAL,0.048,75.441026,148.335038,133.379229,110.537767,75.441026
3,100,3,9,77,OPTIMAL,0.043,59.563477,126.217023,126.217023,81.480818,59.563477
3,100,3,10,76,OPTIMAL,0.033,60.033122,139.684554,122.466622,77.51322,60.033122
3,100,5,1,75,OPTIMAL,0.036,62.199508,174.711605,138.28914,85.661986,62.199508
3,100,5,2,86,OPTIMAL,0.041,57.680279,199.056235,81.569533,63.693255,57.680279
3,100,5,3,84,OPTIMAL,0.042,60.148307,184.774211,147.809236,60.148307,60.148307
3,100,5,4,79,OPTIMAL,0.046,65.863561,178.437994,132.766287,103.139726,67.158628
3,100,5,5,72,OPTIMAL,0.042,66.197404,132.60054,126.087836,77.537747,66.197404
3,100,5,6,84,OPTIMAL,0.05,59.480944,172.116611,147.58851,127.392034,60.894848
3,100,5,7,77,OPTIMAL,0.034,66.128752,170.969512,126.352016,88.224671,66.128752
3,100,5,8,84,OPTIMAL,0.047,73.866619,182.869635,142.11385,80.140788,73.866619
3,100,5,9,82,OPTIMAL,0.046,83.31594,160.327853,116.36228,93.196453,86.326962
3,100,5,10,86,OPTIMAL,0.038,82.969736,187.822385,130.979369,88.982114,88.982114
3,200,3,1,134,OPTIMAL,0.066,137.066906,264.034882,212.665222,173.264097,137.823121
3,200,3,2,128,OPTIMAL,0.05,96.550038,254.982831,143.746365,96.550038,96.550038
3,200,3,3,106,OPTIMAL,0.047,90.026106,168.32833,112.995226,93.826106,90.026106
3,200,3,4,132,OPTIMAL,0.066,98.58926,189.926571,129.171038,124.871038,98.58926
3,200,3,5,115,OPTIMAL,0.043,99.723286,170.672709,138.389281,107.020867,99.723286
3,200,3,6,114,OPTIMAL,0.049,99.42925,179.579659,170.139694,99.42925,99.42925
3,200,3,7,90,OPTIMAL,0.038,74.082352,128.084393,119.156224,74.082352,74.082352
3,200,3,8,126,OPTIMAL,0.057,95.270988,199.323007,185.656832,125.460002,95.270988
3,200,3,9,137,OPTIMAL,0.06,127.749862,234.188564,166.39846,148.189738,128.237399
3,200,3,10,118,OPTIMAL,0.06,86.908399,182.488995,158.814113,104.58344,86.908399
3,200,5,1,134,OPTIMAL,0.07,108.705724,228.467906,197.554402,167.989093,108.705724
3,200,5,2,118,OPTIMAL,0.044,103.855294,197.220015,173.810778,129.196035,103.855294
3,200,5,3,123,OPTIMAL,0.05,113.635535,189.586942,182.761926,123.684627,113.635535
3,200,5,4,122,OPTIMAL,0.043,106.931432,243.832375,234.261566,106.931432,106.931432
3,200,5,5,121,OPTIMAL,0.048,87.375803,176.572026,146.801562,133.477849,87.375803
3,200,5,6,116,OPTIMAL,0.05,105.353536,185.050791,144.396341,108.788683,108.788683
3,200,5,7,104,OPTIMAL,0.043,80.841891,157.606297,147.849591,80.841891,80.841891
3,200,5,8,147,OPTIMAL,0.057,123.178382,321.692496,188.829765,163.276133,123.178382
3,200,5,9,120,OPTIMAL,0.05,122.236494,198.353575,185.716982,151.601589,122.861692
3,200,5,10,130,OPTIMAL,0.057,107.70437,235.782878,198.013701,107.70437,107.70437
